trackAppearanceCount,artistAppearanceCount,rank,uri,artist_names,track_name,source,peak_rank,previous_rank,weeks_on_chart,streams,End Date,Week,Year,End Date Dt,Seconds since Epoch,End Date Aggregated,ArtistCount,main_artist,isTopTen,Artist and Track,rank difference,Position over Time,lower_main_artist,Artist,artist_lower
0,19,83,spotify:track:7iAgNZdotu40NwtoIWJHFe,"BLACKPINK, Cardi B",Bet You Wanna (feat. Cardi B),YG Entertainment/Interscope Records,83,-1,1,24169,2020-10-08,41,2020,2020-10-08,1602115200.0,2020-10-01,2,BLACKPINK,0,"BLACKPINK, Cardi B; Bet You Wanna (feat. Cardi B)",0,0,blackpink,Blackpink,blackpink
1,23,197,spotify:track:7iAgNZdotu40NwtoIWJHFe,"BLACKPINK, Cardi B",Bet You Wanna (feat. Cardi B),YG Entertainment/Interscope Records,83,83,2,14675,2020-10-15,42,2020,2020-10-15,1602720000.0,2020-10-01,2,BLACKPINK,0,"BLACKPINK, Cardi B; Bet You Wanna (feat. Cardi B)",114,100,blackpink,Blackpink,blackpink
0,8,63,spotify:track:3vAn0qZzdyuHamcrpkfiX3,BLACKPINK,How You Like That,YG Entertainment/Interscope Records,63,-1,1,22288,2020-07-02,27,2020,2020-07-02,1593648000.0,2020-07-01,1,BLACKPINK,0,BLACKPINK; How You Like That,0,0,blackpink,Blackpink,blackpink
1,9,104,spotify:track:3vAn0qZzdyuHamcrpkfiX3,BLACKPINK,How You Like That,YG Entertainment/Interscope Records,63,63,2,18425,2020-07-09,28,2020,2020-07-09,1594252800.0,2020-07-01,1,BLACKPINK,0,BLACKPINK; How You Like That,41,100,blackpink,Blackpink,blackpink
2,10,129,spotify:track:3vAn0qZzdyuHamcrpkfiX3,BLACKPINK,How You Like That,YG Entertainment/Interscope Records,63,104,3,16575,2020-07-16,29,2020,2020-07-16,1594857600.0,2020-07-01,1,BLACKPINK,0,BLACKPINK; How You Like That,25,100,blackpink,Blackpink,blackpink
3,11,143,spotify:track:3vAn0qZzdyuHamcrpkfiX3,BLACKPINK,How You Like That,YG Entertainment/Interscope Records,63,129,4,15778,2020-07-23,30,2020,2020-07-23,1595462400.0,2020-07-01,1,BLACKPINK,0,BLACKPINK; How You Like That,14,100,blackpink,Blackpink,blackpink
4,12,187,spotify:track:3vAn0qZzdyuHamcrpkfiX3,BLACKPINK,How You Like That,YG Entertainment/Interscope Records,63,143,5,14654,2020-07-30,31,2020,2020-07-30,1596067200.0,2020-07-01,1,BLACKPINK,0,BLACKPINK; How You Like That,44,100,blackpink,Blackpink,blackpink
5,21,193,spotify:track:4SFknyjLcyTLJFPKD2m96o,BLACKPINK,How You Like That,YG Entertainment/Interscope Records,63,-1,6,15912,2020-10-08,41,2020,2020-10-08,1602115200.0,2020-10-01,1,BLACKPINK,0,BLACKPINK; How You Like That,6,100,blackpink,Blackpink,blackpink
0,13,47,spotify:track:2J4P46vCFm1rPkNkp9pZWX,"BLACKPINK, Selena Gomez",Ice Cream (with Selena Gomez),YG Entertainment/Interscope Records,47,-1,1,31906,2020-09-03,36,2020,2020-09-03,1599091200.0,2020-09-01,1,BLACKPINK,0,"BLACKPINK, Selena Gomez; Ice Cream (with Selena Gomez)",0,0,blackpink,Blackpink,blackpink
1,14,37,spotify:track:2J4P46vCFm1rPkNkp9pZWX,"BLACKPINK, Selena Gomez",Ice Cream (with Selena Gomez),YG Entertainment/Interscope Records,37,47,2,33790,2020-09-10,37,2020,2020-09-10,1599696000.0,2020-09-01,1,BLACKPINK,0,"BLACKPINK, Selena Gomez; Ice Cream (with Selena Gomez)",-10,75,blackpink,Blackpink,blackpink
2,15,49,spotify:track:2J4P46vCFm1rPkNkp9pZWX,"BLACKPINK, Selena Gomez",Ice Cream (with Selena Gomez),YG Entertainment/Interscope Records,37,37,3,33851,2020-09-17,38,2020,2020-09-17,1600300800.0,2020-09-01,1,BLACKPINK,0,"BLACKPINK, Selena Gomez; Ice Cream (with Selena Gomez)",12,100,blackpink,Blackpink,blackpink
3,16,55,spotify:track:2J4P46vCFm1rPkNkp9pZWX,"BLACKPINK, Selena Gomez",Ice Cream (with Selena Gomez),YG Entertainment/Interscope Records,37,49,4,29180,2020-09-24,39,2020,2020-09-24,1600905600.0,2020-09-01,1,BLACKPINK,0,"BLACKPINK, Selena Gomez; Ice Cream (with Selena Gomez)",6,100,blackpink,Blackpink,blackpink
4,17,72,spotify:track:2J4P46vCFm1rPkNkp9pZWX,"BLACKPINK, Selena Gomez",Ice Cream (with Selena Gomez),YG Entertainment/Interscope Records,37,55,5,23341,2020-10-01,40,2020,2020-10-01,1601510400.0,2020-10-01,1,BLACKPINK,0,"BLACKPINK, Selena Gomez; Ice Cream (with Selena Gomez)",17,100,blackpink,Blackpink,blackpink
5,18,78,spotify:track:4JUPEh2DVSXFGExu4Uxevz,"BLACKPINK, Selena Gomez",Ice Cream (with Selena Gomez),YG Entertainment/Interscope Records,37,72,6,24860,2020-10-08,41,2020,2020-10-08,1602115200.0,2020-10-01,1,BLACKPINK,0,"BLACKPINK, Selena Gomez; Ice Cream (with Selena Gomez)",6,100,blackpink,Blackpink,blackpink
6,22,72,spotify:track:4JUPEh2DVSXFGExu4Uxevz,"BLACKPINK, Selena Gomez",Ice Cream (with Selena Gomez),YG Entertainment/Interscope Records,37,78,7,24467,2020-10-15,42,2020,2020-10-15,1602720000.0,2020-10-01,1,BLACKPINK,0,"BLACKPINK, Selena Gomez; Ice Cream (with Selena Gomez)",-6,75,blackpink,Blackpink,blackpink
7,24,75,spotify:track:4JUPEh2DVSXFGExu4Uxevz,"BLACKPINK, Selena Gomez",Ice Cream (with Selena Gomez),YG Entertainment/Interscope Records,37,72,8,24549,2020-10-22,43,2020,2020-10-22,1603324800.0,2020-10-01,1,BLACKPINK,0,"BLACKPINK, Selena Gomez; Ice Cream (with Selena Gomez)",3,100,blackpink,Blackpink,blackpink
8,25,86,spotify:track:4JUPEh2DVSXFGExu4Uxevz,"BLACKPINK, Selena Gomez",Ice Cream (with Selena Gomez),YG Entertainment/Interscope Records,37,75,9,23694,2020-10-29,44,2020,2020-10-29,1603929600.0,2020-10-01,1,BLACKPINK,0,"BLACKPINK, Selena Gomez; Ice Cream (with Selena Gomez)",11,100,blackpink,Blackpink,blackpink
9,26,110,spotify:track:4JUPEh2DVSXFGExu4Uxevz,"BLACKPINK, Selena Gomez",Ice Cream (with Selena Gomez),YG Entertainment/Interscope Records,37,86,10,20268,2020-11-05,45,2020,2020-11-05,1604534400.0,2020-11-01,1,BLACKPINK,0,"BLACKPINK, Selena Gomez; Ice Cream (with Selena Gomez)",24,100,blackpink,Blackpink,blackpink
10,27,126,spotify:track:4JUPEh2DVSXFGExu4Uxevz,"BLACKPINK, Selena Gomez",Ice Cream (with Selena Gomez),YG Entertainment/Interscope Records,37,110,11,18866,2020-11-12,46,2020,2020-11-12,1605139200.0,2020-11-01,1,BLACKPINK,0,"BLACKPINK, Selena Gomez; Ice Cream (with Selena Gomez)",16,100,blackpink,Blackpink,blackpink
11,28,165,spotify:track:4JUPEh2DVSXFGExu4Uxevz,"BLACKPINK, Selena Gomez",Ice Cream (with Selena Gomez),YG Entertainment/Interscope Records,37,126,12,17050,2020-11-19,47,2020,2020-11-19,1605744000.0,2020-11-01,1,BLACKPINK,0,"BLACKPINK, Selena Gomez; Ice Cream (with Selena Gomez)",39,100,blackpink,Blackpink,blackpink
0,0,53,spotify:track:4pUCKHjJ4Ijewc37rRrvHn,BLACKPINK,Kill This Love,"YG Entertainment, distributed through Interscope Records",53,-1,1,14885,2019-04-11,15,2019,2019-04-11,1554940800.0,2019-04-01,1,BLACKPINK,0,BLACKPINK; Kill This Love,0,0,blackpink,Blackpink,blackpink
1,1,68,spotify:track:4pUCKHjJ4Ijewc37rRrvHn,BLACKPINK,Kill This Love,"YG Entertainment, distributed through Interscope Records",53,53,2,12689,2019-04-18,16,2019,2019-04-18,1555545600.0,2019-04-01,1,BLACKPINK,0,BLACKPINK; Kill This Love,15,100,blackpink,Blackpink,blackpink
2,2,76,spotify:track:4pUCKHjJ4Ijewc37rRrvHn,BLACKPINK,Kill This Love,"YG Entertainment, distributed through Interscope Records",53,68,3,10502,2019-04-25,17,2019,2019-04-25,1556150400.0,2019-04-01,1,BLACKPINK,0,BLACKPINK; Kill This Love,8,100,blackpink,Blackpink,blackpink
3,3,96,spotify:track:4pUCKHjJ4Ijewc37rRrvHn,BLACKPINK,Kill This Love,"YG Entertainment, distributed through Interscope Records",53,76,4,9805,2019-05-02,18,2019,2019-05-02,1556755200.0,2019-05-01,1,BLACKPINK,0,BLACKPINK; Kill This Love,20,100,blackpink,Blackpink,blackpink
4,4,96,spotify:track:4pUCKHjJ4Ijewc37rRrvHn,BLACKPINK,Kill This Love,"YG Entertainment, distributed through Interscope Records",53,96,5,9863,2019-05-09,19,2019,2019-05-09,1557360000.0,2019-05-01,1,BLACKPINK,0,BLACKPINK; Kill This Love,0,50,blackpink,Blackpink,blackpink
5,5,97,spotify:track:4pUCKHjJ4Ijewc37rRrvHn,BLACKPINK,Kill This Love,"YG Entertainment, distributed through Interscope Records",53,96,6,9320,2019-05-16,20,2019,2019-05-16,1557964800.0,2019-05-01,1,BLACKPINK,0,BLACKPINK; Kill This Love,1,100,blackpink,Blackpink,blackpink
6,6,168,spotify:track:4pUCKHjJ4Ijewc37rRrvHn,BLACKPINK,Kill This Love,"YG Entertainment, distributed through Interscope Records",53,97,7,7970,2019-05-23,21,2019,2019-05-23,1558569600.0,2019-05-01,1,BLACKPINK,0,BLACKPINK; Kill This Love,71,100,blackpink,Blackpink,blackpink
7,7,181,spotify:track:4pUCKHjJ4Ijewc37rRrvHn,BLACKPINK,Kill This Love,"YG Entertainment, distributed through Interscope Records",53,168,8,7581,2019-05-30,22,2019,2019-05-30,1559174400.0,2019-05-01,1,BLACKPINK,0,BLACKPINK; Kill This Love,13,100,blackpink,Blackpink,blackpink
0,20,112,spotify:track:4Ws314Ylb27BVsvlZOy30C,BLACKPINK,Lovesick Girls,YG Entertainment/Interscope Records,112,-1,1,21415,2020-10-08,41,2020,2020-10-08,1602115200.0,2020-10-01,1,BLACKPINK,0,BLACKPINK; Lovesick Girls,0,0,blackpink,Blackpink,blackpink
0,29,46,spotify:track:0skYUMpS0AcbpjcGsAbRGj,BLACKPINK,Pink Venom,YG Entertainment/Interscope Records,46,-1,1,53017,2022-08-25,34,2022,2022-08-25,1661385600.0,2022-08-01,1,BLACKPINK,0,BLACKPINK; Pink Venom,0,0,blackpink,Blackpink,blackpink
1,30,79,spotify:track:0skYUMpS0AcbpjcGsAbRGj,BLACKPINK,Pink Venom,YG Entertainment/Interscope Records,46,46,2,44937,2022-09-01,35,2022,2022-09-01,1661990400.0,2022-09-01,1,BLACKPINK,0,BLACKPINK; Pink Venom,33,100,blackpink,Blackpink,blackpink
2,31,108,spotify:track:0skYUMpS0AcbpjcGsAbRGj,BLACKPINK,Pink Venom,YG Entertainment/Interscope Records,46,79,3,38825,2022-09-08,36,2022,2022-09-08,1662595200.0,2022-09-01,1,BLACKPINK,0,BLACKPINK; Pink Venom,29,100,blackpink,Blackpink,blackpink
3,32,116,spotify:track:0skYUMpS0AcbpjcGsAbRGj,BLACKPINK,Pink Venom,YG Entertainment/Interscope Records,46,108,4,34518,2022-09-15,37,2022,2022-09-15,1663200000.0,2022-09-01,1,BLACKPINK,0,BLACKPINK; Pink Venom,8,100,blackpink,Blackpink,blackpink
4,34,89,spotify:track:5zwwW9Oq7ubSxoCGyW1nbY,BLACKPINK,Pink Venom,YG Entertainment/Interscope Records,46,116,5,42067,2022-09-22,38,2022,2022-09-22,1663804800.0,2022-09-01,1,BLACKPINK,0,BLACKPINK; Pink Venom,-27,75,blackpink,Blackpink,blackpink
5,37,148,spotify:track:5zwwW9Oq7ubSxoCGyW1nbY,BLACKPINK,Pink Venom,YG Entertainment/Interscope Records,46,89,6,32528,2022-09-29,39,2022,2022-09-29,1664409600.0,2022-09-01,1,BLACKPINK,0,BLACKPINK; Pink Venom,59,100,blackpink,Blackpink,blackpink
6,39,178,spotify:track:5zwwW9Oq7ubSxoCGyW1nbY,BLACKPINK,Pink Venom,YG Entertainment/Interscope Records,46,148,7,30969,2022-10-06,40,2022,2022-10-06,1665014400.0,2022-10-01,1,BLACKPINK,0,BLACKPINK; Pink Venom,30,100,blackpink,Blackpink,blackpink
0,33,30,spotify:track:7gRFDGEzF9UkBV233yv2dc,BLACKPINK,Shut Down,YG Entertainment/Interscope Records,30,-1,1,62418,2022-09-22,38,2022,2022-09-22,1663804800.0,2022-09-01,1,BLACKPINK,0,BLACKPINK; Shut Down,0,0,blackpink,Blackpink,blackpink
1,36,62,spotify:track:7gRFDGEzF9UkBV233yv2dc,BLACKPINK,Shut Down,YG Entertainment/Interscope Records,30,30,2,50150,2022-09-29,39,2022,2022-09-29,1664409600.0,2022-09-01,1,BLACKPINK,0,BLACKPINK; Shut Down,32,100,blackpink,Blackpink,blackpink
2,38,100,spotify:track:7gRFDGEzF9UkBV233yv2dc,BLACKPINK,Shut Down,YG Entertainment/Interscope Records,30,62,3,40756,2022-10-06,40,2022,2022-10-06,1665014400.0,2022-10-01,1,BLACKPINK,0,BLACKPINK; Shut Down,38,100,blackpink,Blackpink,blackpink
3,40,114,spotify:track:7gRFDGEzF9UkBV233yv2dc,BLACKPINK,Shut Down,YG Entertainment/Interscope Records,30,100,4,36065,2022-10-13,41,2022,2022-10-13,1665619200.0,2022-10-01,1,BLACKPINK,0,BLACKPINK; Shut Down,14,100,blackpink,Blackpink,blackpink
4,41,186,spotify:track:7gRFDGEzF9UkBV233yv2dc,BLACKPINK,Shut Down,YG Entertainment/Interscope Records,30,114,5,31211,2022-10-20,42,2022,2022-10-20,1666224000.0,2022-10-01,1,BLACKPINK,0,BLACKPINK; Shut Down,72,100,blackpink,Blackpink,blackpink
0,35,195,spotify:track:0L8LOav65XwLjCLS11gNPD,BLACKPINK,Typa Girl,YG Entertainment/Interscope Records,195,-1,1,27899,2022-09-22,38,2022,2022-09-22,1663804800.0,2022-09-01,1,BLACKPINK,0,BLACKPINK; Typa Girl,0,0,blackpink,Blackpink,blackpink
0,0,145,spotify:track:7FbrGaHYVDmfr7KoLIZnQ7,FIFTY FIFTY,Cupid - Twin Ver.,WM Korea,145,-1,1,43841,2023-04-20,16,2023,2023-04-20,1681948800.0,2023-04-01,1,FIFTY FIFTY,0,FIFTY FIFTY; Cupid - Twin Ver.,0,0,fifty fifty,FIFTY FIFTY,fifty fifty
1,1,119,spotify:track:7FbrGaHYVDmfr7KoLIZnQ7,FIFTY FIFTY,Cupid - Twin Ver.,WM Korea,119,145,2,53236,2023-04-27,17,2023,2023-04-27,1682553600.0,2023-04-01,1,FIFTY FIFTY,0,FIFTY FIFTY; Cupid - Twin Ver.,-26,75,fifty fifty,FIFTY FIFTY,fifty fifty
2,2,74,spotify:track:7FbrGaHYVDmfr7KoLIZnQ7,FIFTY FIFTY,Cupid - Twin Ver.,WM Korea,74,119,3,74737,2023-05-04,18,2023,2023-05-04,1683158400.0,2023-05-01,1,FIFTY FIFTY,0,FIFTY FIFTY; Cupid - Twin Ver.,-45,75,fifty fifty,FIFTY FIFTY,fifty fifty
3,3,61,spotify:track:7FbrGaHYVDmfr7KoLIZnQ7,FIFTY FIFTY,Cupid - Twin Ver.,WM Korea,61,74,4,74590,2023-05-11,19,2023,2023-05-11,1683763200.0,2023-05-01,1,FIFTY FIFTY,0,FIFTY FIFTY; Cupid - Twin Ver.,-13,75,fifty fifty,FIFTY FIFTY,fifty fifty
4,4,74,spotify:track:7FbrGaHYVDmfr7KoLIZnQ7,FIFTY FIFTY,Cupid - Twin Ver.,WM Korea,61,61,5,72617,2023-05-18,20,2023,2023-05-18,1684368000.0,2023-05-01,1,FIFTY FIFTY,0,FIFTY FIFTY; Cupid - Twin Ver.,13,100,fifty fifty,FIFTY FIFTY,fifty fifty
5,5,80,spotify:track:7FbrGaHYVDmfr7KoLIZnQ7,FIFTY FIFTY,Cupid - Twin Ver.,WM Korea,61,74,6,67371,2023-05-25,21,2023,2023-05-25,1684972800.0,2023-05-01,1,FIFTY FIFTY,0,FIFTY FIFTY; Cupid - Twin Ver.,6,100,fifty fifty,FIFTY FIFTY,fifty fifty
6,6,133,spotify:track:7FbrGaHYVDmfr7KoLIZnQ7,FIFTY FIFTY,Cupid - Twin Ver.,WM Korea,61,93,8,57718,2023-06-08,23,2023,2023-06-08,1686182400.0,2023-06-01,1,FIFTY FIFTY,0,FIFTY FIFTY; Cupid - Twin Ver.,53,100,fifty fifty,FIFTY FIFTY,fifty fifty
7,7,147,spotify:track:7FbrGaHYVDmfr7KoLIZnQ7,FIFTY FIFTY,Cupid - Twin Ver.,WM Korea,61,133,9,54569,2023-06-15,24,2023,2023-06-15,1686787200.0,2023-06-01,1,FIFTY FIFTY,0,FIFTY FIFTY; Cupid - Twin Ver.,14,100,fifty fifty,FIFTY FIFTY,fifty fifty
8,8,157,spotify:track:7FbrGaHYVDmfr7KoLIZnQ7,FIFTY FIFTY,Cupid - Twin Ver.,WM Korea,61,147,10,51255,2023-06-22,25,2023,2023-06-22,1687392000.0,2023-06-01,1,FIFTY FIFTY,0,FIFTY FIFTY; Cupid - Twin Ver.,10,100,fifty fifty,FIFTY FIFTY,fifty fifty
9,9,151,spotify:track:7FbrGaHYVDmfr7KoLIZnQ7,FIFTY FIFTY,Cupid - Twin Ver.,WM Korea,61,157,11,53228,2023-06-29,26,2023,2023-06-29,1687996800.0,2023-06-01,1,FIFTY FIFTY,0,FIFTY FIFTY; Cupid - Twin Ver.,-6,75,fifty fifty,FIFTY FIFTY,fifty fifty
10,10,143,spotify:track:7FbrGaHYVDmfr7KoLIZnQ7,FIFTY FIFTY,Cupid - Twin Ver.,WM Korea,61,151,12,53598,2023-07-06,27,2023,2023-07-06,1688601600.0,2023-07-01,1,FIFTY FIFTY,0,FIFTY FIFTY; Cupid - Twin Ver.,-8,75,fifty fifty,FIFTY FIFTY,fifty fifty
11,11,149,spotify:track:7FbrGaHYVDmfr7KoLIZnQ7,FIFTY FIFTY,Cupid - Twin Ver.,WM Korea,61,143,13,49127,2023-07-13,28,2023,2023-07-13,1689206400.0,2023-07-01,1,FIFTY FIFTY,0,FIFTY FIFTY; Cupid - Twin Ver.,6,100,fifty fifty,FIFTY FIFTY,fifty fifty
12,12,191,spotify:track:7FbrGaHYVDmfr7KoLIZnQ7,FIFTY FIFTY,Cupid - Twin Ver.,WM Korea,61,149,14,42448,2023-07-20,29,2023,2023-07-20,1689811200.0,2023-07-01,1,FIFTY FIFTY,0,FIFTY FIFTY; Cupid - Twin Ver.,42,100,fifty fifty,FIFTY FIFTY,fifty fifty
0,0,199,spotify:track:4tCtwWceOPWzenK2HAIJSb,"Fifth Harmony, Ty Dolla $ign",Work from Home (feat. Ty Dolla $ign),Syco Music/Epic,199,-1,1,4897,2018-11-01,44,2018,2018-11-01,1541030400.0,2018-11-01,2,Fifth Harmony,0,"Fifth Harmony, Ty Dolla $ign; Work from Home (feat. Ty Dolla $ign)",0,0,fifth harmony,Fifth Harmony,fifth harmony
1,1,186,spotify:track:4tCtwWceOPWzenK2HAIJSb,"Fifth Harmony, Ty Dolla $ign",Work from Home (feat. Ty Dolla $ign),Syco Music/Epic,186,199,2,5607,2018-11-08,45,2018,2018-11-08,1541635200.0,2018-11-01,2,Fifth Harmony,0,"Fifth Harmony, Ty Dolla $ign; Work from Home (feat. Ty Dolla $ign)",-13,75,fifth harmony,Fifth Harmony,fifth harmony
2,2,167,spotify:track:4tCtwWceOPWzenK2HAIJSb,"Fifth Harmony, Ty Dolla $ign",Work from Home (feat. Ty Dolla $ign),Syco Music/Epic,167,186,3,6104,2018-11-15,46,2018,2018-11-15,1542240000.0,2018-11-01,2,Fifth Harmony,0,"Fifth Harmony, Ty Dolla $ign; Work from Home (feat. Ty Dolla $ign)",-19,75,fifth harmony,Fifth Harmony,fifth harmony
3,3,161,spotify:track:4tCtwWceOPWzenK2HAIJSb,"Fifth Harmony, Ty Dolla $ign",Work from Home (feat. Ty Dolla $ign),Syco Music/Epic,161,167,4,6017,2018-11-22,47,2018,2018-11-22,1542844800.0,2018-11-01,2,Fifth Harmony,0,"Fifth Harmony, Ty Dolla $ign; Work from Home (feat. Ty Dolla $ign)",-6,75,fifth harmony,Fifth Harmony,fifth harmony
4,4,166,spotify:track:4tCtwWceOPWzenK2HAIJSb,"Fifth Harmony, Ty Dolla $ign",Work from Home (feat. Ty Dolla $ign),Syco Music/Epic,161,161,5,5790,2018-11-29,48,2018,2018-11-29,1543449600.0,2018-11-01,2,Fifth Harmony,0,"Fifth Harmony, Ty Dolla $ign; Work from Home (feat. Ty Dolla $ign)",5,100,fifth harmony,Fifth Harmony,fifth harmony
5,5,191,spotify:track:4tCtwWceOPWzenK2HAIJSb,"Fifth Harmony, Ty Dolla $ign",Work from Home (feat. Ty Dolla $ign),Syco Music/Epic,161,166,6,5598,2018-12-06,49,2018,2018-12-06,1544054400.0,2018-12-01,2,Fifth Harmony,0,"Fifth Harmony, Ty Dolla $ign; Work from Home (feat. Ty Dolla $ign)",25,100,fifth harmony,Fifth Harmony,fifth harmony
0,16,178,spotify:track:28xX6K8LnkZve4RiuEB3iK,Little Mix,Sweet Melody,RCA Records Label,178,-1,1,16225,2020-10-29,44,2020,2020-10-29,1603929600.0,2020-10-01,1,Little Mix,0,Little Mix; Sweet Melody,0,0,little mix,Little Mix,little mix
0,0,52,spotify:track:6rrTr2HEAzlpC4KWZxF3S1,"Little Mix, Nicki Minaj",Woman Like Me (feat. Nicki Minaj),Syco Music,52,-1,1,11554,2018-10-18,42,2018,2018-10-18,1539820800.0,2018-10-01,2,Little Mix,0,"Little Mix, Nicki Minaj; Woman Like Me (feat. Nicki Minaj)",0,0,little mix,Little Mix,little mix
1,1,63,spotify:track:6rrTr2HEAzlpC4KWZxF3S1,"Little Mix, Nicki Minaj",Woman Like Me (feat. Nicki Minaj),Syco Music,52,52,2,10215,2018-10-25,43,2018,2018-10-25,1540425600.0,2018-10-01,2,Little Mix,0,"Little Mix, Nicki Minaj; Woman Like Me (feat. Nicki Minaj)",11,100,little mix,Little Mix,little mix
2,2,45,spotify:track:6rrTr2HEAzlpC4KWZxF3S1,"Little Mix, Nicki Minaj",Woman Like Me (feat. Nicki Minaj),Syco Music,45,63,3,12269,2018-11-01,44,2018,2018-11-01,1541030400.0,2018-11-01,2,Little Mix,0,"Little Mix, Nicki Minaj; Woman Like Me (feat. Nicki Minaj)",-18,75,little mix,Little Mix,little mix
3,3,31,spotify:track:6rrTr2HEAzlpC4KWZxF3S1,"Little Mix, Nicki Minaj",Woman Like Me (feat. Nicki Minaj),Syco Music,31,45,4,14713,2018-11-08,45,2018,2018-11-08,1541635200.0,2018-11-01,2,Little Mix,0,"Little Mix, Nicki Minaj; Woman Like Me (feat. Nicki Minaj)",-14,75,little mix,Little Mix,little mix
4,4,29,spotify:track:6rrTr2HEAzlpC4KWZxF3S1,"Little Mix, Nicki Minaj",Woman Like Me (feat. Nicki Minaj),Syco Music,29,31,5,15417,2018-11-15,46,2018,2018-11-15,1542240000.0,2018-11-01,2,Little Mix,0,"Little Mix, Nicki Minaj; Woman Like Me (feat. Nicki Minaj)",-2,75,little mix,Little Mix,little mix
5,5,28,spotify:track:222B3aljXx6fFwKmFjuBED,"Little Mix, Nicki Minaj",Woman Like Me (feat. Nicki Minaj),Syco Music,28,29,6,15167,2018-11-22,47,2018,2018-11-22,1542844800.0,2018-11-01,2,Little Mix,0,"Little Mix, Nicki Minaj; Woman Like Me (feat. Nicki Minaj)",-1,75,little mix,Little Mix,little mix
6,6,37,spotify:track:222B3aljXx6fFwKmFjuBED,"Little Mix, Nicki Minaj",Woman Like Me (feat. Nicki Minaj),Syco Music,28,28,7,12899,2018-11-29,48,2018,2018-11-29,1543449600.0,2018-11-01,2,Little Mix,0,"Little Mix, Nicki Minaj; Woman Like Me (feat. Nicki Minaj)",9,100,little mix,Little Mix,little mix
7,7,47,spotify:track:222B3aljXx6fFwKmFjuBED,"Little Mix, Nicki Minaj",Woman Like Me (feat. Nicki Minaj),Syco Music,28,37,8,11840,2018-12-06,49,2018,2018-12-06,1544054400.0,2018-12-01,2,Little Mix,0,"Little Mix, Nicki Minaj; Woman Like Me (feat. Nicki Minaj)",10,100,little mix,Little Mix,little mix
8,8,105,spotify:track:222B3aljXx6fFwKmFjuBED,"Little Mix, Nicki Minaj",Woman Like Me (feat. Nicki Minaj),Syco Music,28,47,9,9083,2018-12-13,50,2018,2018-12-13,1544659200.0,2018-12-01,2,Little Mix,0,"Little Mix, Nicki Minaj; Woman Like Me (feat. Nicki Minaj)",58,100,little mix,Little Mix,little mix
9,9,118,spotify:track:222B3aljXx6fFwKmFjuBED,"Little Mix, Nicki Minaj",Woman Like Me (feat. Nicki Minaj),Syco Music,28,105,10,8121,2018-12-20,51,2018,2018-12-20,1545264000.0,2018-12-01,2,Little Mix,0,"Little Mix, Nicki Minaj; Woman Like Me (feat. Nicki Minaj)",13,100,little mix,Little Mix,little mix
10,10,193,spotify:track:222B3aljXx6fFwKmFjuBED,"Little Mix, Nicki Minaj",Woman Like Me (feat. Nicki Minaj),Syco Music,28,-1,11,5566,2019-01-03,1,2019,2019-01-03,1546473600.0,2019-01-01,2,Little Mix,0,"Little Mix, Nicki Minaj; Woman Like Me (feat. Nicki Minaj)",75,100,little mix,Little Mix,little mix
11,11,180,spotify:track:222B3aljXx6fFwKmFjuBED,"Little Mix, Nicki Minaj",Woman Like Me (feat. Nicki Minaj),Syco Music,28,193,12,5900,2019-01-10,2,2019,2019-01-10,1547078400.0,2019-01-01,2,Little Mix,0,"Little Mix, Nicki Minaj; Woman Like Me (feat. Nicki Minaj)",-13,75,little mix,Little Mix,little mix
12,12,171,spotify:track:222B3aljXx6fFwKmFjuBED,"Little Mix, Nicki Minaj",Woman Like Me (feat. Nicki Minaj),Syco Music,28,180,13,6446,2019-01-17,3,2019,2019-01-17,1547683200.0,2019-01-01,2,Little Mix,0,"Little Mix, Nicki Minaj; Woman Like Me (feat. Nicki Minaj)",-9,75,little mix,Little Mix,little mix
13,13,178,spotify:track:222B3aljXx6fFwKmFjuBED,"Little Mix, Nicki Minaj",Woman Like Me (feat. Nicki Minaj),Syco Music,28,171,14,6715,2019-01-24,4,2019,2019-01-24,1548288000.0,2019-01-01,2,Little Mix,0,"Little Mix, Nicki Minaj; Woman Like Me (feat. Nicki Minaj)",7,100,little mix,Little Mix,little mix
14,14,189,spotify:track:222B3aljXx6fFwKmFjuBED,"Little Mix, Nicki Minaj",Woman Like Me (feat. Nicki Minaj),Syco Music,28,178,15,6424,2019-01-31,5,2019,2019-01-31,1548892800.0,2019-01-01,2,Little Mix,0,"Little Mix, Nicki Minaj; Woman Like Me (feat. Nicki Minaj)",11,100,little mix,Little Mix,little mix
15,15,191,spotify:track:222B3aljXx6fFwKmFjuBED,"Little Mix, Nicki Minaj",Woman Like Me (feat. Nicki Minaj),Syco Music,28,-1,16,7237,2019-02-21,8,2019,2019-02-21,1550707200.0,2019-02-01,2,Little Mix,0,"Little Mix, Nicki Minaj; Woman Like Me (feat. Nicki Minaj)",2,100,little mix,Little Mix,little mix
0,0,48,spotify:track:5ASM6Qjiav2xPe7gRkQMsQ,The Ronettes,Sleigh Ride,Legacy Recordings,48,-1,1,14863,2018-12-27,52,2018,2018-12-27,1545868800.0,2018-12-01,1,The Ronettes,0,The Ronettes; Sleigh Ride,0,0,the ronettes,The Ronettes,the ronettes
1,1,106,spotify:track:1ODZGydlown4VesUP8HLJX,The Ronettes,Sleigh Ride,Legacy Recordings,48,-1,2,18521,2019-12-26,52,2019,2019-12-26,1577318400.0,2019-12-01,1,The Ronettes,0,The Ronettes; Sleigh Ride,58,100,the ronettes,The Ronettes,the ronettes
2,2,47,spotify:track:7fUYUcWy853HS8YJn0b3Sr,The Ronettes,Sleigh Ride,Legacy Recordings,47,-1,3,40017,2020-12-24,52,2020,2020-12-24,1608768000.0,2020-12-01,1,The Ronettes,0,The Ronettes; Sleigh Ride,-59,75,the ronettes,The Ronettes,the ronettes
3,3,82,spotify:track:7fUYUcWy853HS8YJn0b3Sr,The Ronettes,Sleigh Ride,Legacy Recordings,47,47,4,27932,2020-12-31,53,2020,2020-12-31,1609372800.0,2020-12-01,1,The Ronettes,0,The Ronettes; Sleigh Ride,35,100,the ronettes,The Ronettes,the ronettes
4,4,54,spotify:track:7fUYUcWy853HS8YJn0b3Sr,The Ronettes,Sleigh Ride,Legacy Recordings,47,-1,5,50881,2021-12-30,52,2021,2021-12-30,1640822400.0,2021-12-01,1,The Ronettes,0,The Ronettes; Sleigh Ride,-28,75,the ronettes,The Ronettes,the ronettes
5,5,97,spotify:track:7fUYUcWy853HS8YJn0b3Sr,The Ronettes,Sleigh Ride,Legacy Recordings,47,-1,6,57792,2022-12-29,52,2022,2022-12-29,1672272000.0,2022-12-01,1,The Ronettes,0,The Ronettes; Sleigh Ride,43,100,the ronettes,The Ronettes,the ronettes
