main_artist,track_name,End Date,rank difference
1da Banton,Ego,2022-10-20,0
1da Banton,No Wahala,2022-02-17,0
1da Banton,No Wahala,2022-06-16,0
1da Banton,No Wahala - Remix,2022-03-10,0
1da Banton,No Wahala - Remix,2022-06-16,0
1da Banton,No Wahala - Remix,2022-10-27,0
1da Banton,Summer Love,2022-06-09,0
21 Savage,3AM on Glenwood,2022-11-10,0
3GAR BABY,HUSTLE NA MUST,2023-02-16,0
7Dime,Love Triangle,2023-04-06,0
7Dime,On You,2023-04-06,0
A$AP Rocky,D.M.B.,2022-05-12,0
A1 x J1,Night Away (Dance) (feat. Tion Wayne),2022-03-10,0
AKA,Lemons (Lemonade),2022-10-06,0
AV,Big Thug Boys,2022-02-17,0
AV,Big Thug Boys,2022-04-21,0
AV,Big Thug Boys,2022-05-26,0
AV,Confession,2022-02-17,0
AV,Confession,2022-04-21,0
AV,Confession,2022-09-08,0
AV,Jiggy,2022-05-05,0
AV,No Dey Form,2022-07-14,0
Aa,All I Ever Wanted,2022-03-03,0
Aa,Believer,2022-03-03,0
Aa,Good Times,2022-03-03,0
Aa,IDG,2022-03-03,0
Aa,IDG,2022-03-24,0
Aa,IDG,2022-06-30,0
Aa,Love Me Or Give Me Red Wine,2022-03-03,0
Aa,Mayana,2022-03-03,0
Aa,Morning Man,2022-03-03,0
Aa,Nike,2022-03-03,0
Aa,Ocean,2022-02-24,0
Aa,Show Me Off,2022-03-03,0
Aa,Show Me Off,2022-05-26,0
Adekunle Gold,5 Star,2022-07-21,0
Adekunle Gold,5 Star (with Rick Ross),2022-09-29,0
Adekunle Gold,Do You Mind?,2023-06-08,0
Adekunle Gold,High,2022-02-17,0
Adekunle Gold,High,2022-03-10,0
Adekunle Gold,High,2022-06-02,0
Adekunle Gold,High,2022-10-13,0
Adekunle Gold,High,2023-01-05,0
Adekunle Gold,High,2023-01-19,0
Adekunle Gold,It Is What It Is,2022-02-17,0
Adekunle Gold,Mercy,2022-02-17,0
Adekunle Gold,Mercy,2022-04-07,0
Adekunle Gold,Mercy,2022-04-21,0
Adekunle Gold,Mercy,2022-05-12,0
Adekunle Gold,Mercy,2022-06-16,0
Adekunle Gold,Okay,2022-02-17,0
Adekunle Gold,Okay,2022-06-30,0
Adekunle Gold,One Woman,2022-02-17,0
Adekunle Gold,Party No Dey Stop,2023-03-16,0
Adekunle Gold,Party No Dey Stop (with Zinoleesky),2024-05-16,0
Adekunle Gold,Party No Dey Stop (with Zinoleesky),2024-05-30,0
Adekunle Gold,Rodo,2024-05-16,0
Adekunle Gold,Sinner,2022-02-17,0
Adekunle Gold,Sinner,2022-05-12,0
Adekunle Gold,Sinner,2022-07-07,0
Adekunle Gold,Wrong Person (with ODUMODUBLVCK),2024-06-20,0
Adele,Easy On Me,2022-02-17,0
Adele,Easy On Me,2022-04-07,0
Ajebo Hustlers,2AM In Da Club,2022-05-19,0
Ajebo Hustlers,Caress,2022-06-02,0
Ajebo Hustlers,Dreams,2022-12-22,0
Ajebo Hustlers,Dreams II,2024-05-16,0
Ajebo Hustlers,In Love,2022-06-02,0
Ajebo Hustlers,In Love,2022-08-25,0
Ajebo Hustlers,Last Week,2024-05-16,0
Ajebo Hustlers,Loyalty,2022-02-17,0
Ajebo Hustlers,Loyalty,2022-06-16,0
Ajebo Hustlers,Loyalty,2022-07-07,0
Ajebo Hustlers,Loyalty,2022-07-28,0
Ajebo Hustlers,No Love (18 Plus),2022-12-22,0
Ajebo Hustlers,No Peace (Violence),2022-12-22,0
Ajebo Hustlers,Pronto,2022-02-17,0
Ajebo Hustlers,Solace,2022-02-17,0
Ajebo Hustlers,You Go Know,2023-03-30,0
Ajebutter22,King of Parole,2022-09-15,0
Alec Benjamin,Devil Doesnt Bargain,2022-07-14,0
Alec Benjamin,Let Me Down Slowly,2024-05-30,0
Aleman,Pantera,2022-11-10,0
Amaarae,"A Body, A Coffin",2022-08-04,0
Amaarae,Reckless & Sweet,2023-03-23,0
Amaarae,SAD GIRLZ LUV MONEY Remix (feat. Kali Uchis and Moliy),2022-02-17,0
Anonymous Music,Anointing,2022-08-25,0
Anonymous Music,Feel Better,2023-01-19,0
ArrDee,Come & Go,2022-03-10,0
ArrDee,Come & Go,2022-04-21,0
ArrDee,Come & Go - Black Sherif Remix,2022-06-09,0
ArrDee,Early Hours,2022-03-24,0
ArrDee,Flowers (Say My Name),2022-02-17,0
ArrDee,Hello Mate,2022-07-21,0
ArrDee,Home For My Heart,2023-03-16,0
ArrDee,Oliver Twist,2022-03-24,0
ArrDee,War,2022-02-17,0
Asake,2:30,2023-04-06,0
Asake,Amapiano,2023-06-08,0
Asake,Baba God,2022-02-17,0
Asake,Baba God,2022-03-31,0
Asake,Basquiat,2024-05-16,0
Asake,Dull,2022-09-08,0
Asake,Dull,2022-09-29,0
Asake,Dull,2023-02-09,0
Asake,Dupe,2022-09-08,0
Asake,Dupe,2023-02-09,0
Asake,I Believe,2024-05-16,0
Asake,Joha,2022-09-08,0
Asake,Joha,2022-10-27,0
Asake,Joha,2022-12-29,0
Asake,Joha,2023-01-05,0
Asake,Joha,2023-01-26,0
Asake,Joha,2023-04-27,0
Asake,Joha,2024-05-23,0
Asake,Lonely At The Top,2024-05-16,0
Asake,Mogbe,2024-05-16,0
Asake,Mr Money,2022-09-15,0
Asake,Muse,2022-09-08,0
Asake,Nzaza,2022-09-08,0
Asake,Nzaza,2022-10-27,0
Asake,Omo Ope (feat. Olamide),2022-02-17,0
Asake,Omo Ope (feat. Olamide),2022-02-24,0
Asake,Omo Ope (feat. Olamide),2022-03-03,0
Asake,Omo Ope (feat. Olamide),2022-03-10,0
Asake,Omo Ope (feat. Olamide),2022-03-17,0
Asake,Omo Ope (feat. Olamide),2022-03-24,0
Asake,Omo Ope (feat. Olamide),2022-04-14,0
Asake,Omo Ope (feat. Olamide),2022-04-21,0
Asake,Omo Ope (feat. Olamide),2022-04-28,0
Asake,Omo Ope (feat. Olamide),2022-05-05,0
Asake,Omo Ope (feat. Olamide),2022-05-26,0
Asake,Omo Ope (feat. Olamide),2022-06-02,0
Asake,Omo Ope (feat. Olamide),2022-06-16,0
Asake,Omo Ope (feat. Olamide),2022-07-07,0
Asake,Omo Ope (feat. Olamide),2022-11-03,0
Asake,Only Me,2024-05-16,0
Asake,Organise,2022-09-08,0
Asake,Organise,2022-09-22,0
Asake,Organise,2022-10-13,0
Asake,Organise,2022-11-03,0
Asake,Organise,2023-01-05,0
Asake,Ototo,2022-09-08,0
Asake,Ototo,2022-09-29,0
Asake,Ototo,2022-10-27,0
Asake,Peace Be Unto You (PBUY),2022-06-16,0
Asake,Peace Be Unto You (PBUY),2022-06-30,0
Asake,Peace Be Unto You (PBUY),2022-07-07,0
Asake,Peace Be Unto You (PBUY),2022-08-11,0
Asake,Peace Be Unto You (PBUY),2022-08-18,0
Asake,Peace Be Unto You (PBUY),2022-09-15,0
Asake,Peace Be Unto You (PBUY),2022-09-29,0
Asake,Reason (feat. Russ),2022-09-08,0
Asake,Remember,2024-05-16,0
Asake,Sungba,2022-02-17,0
Asake,Sungba,2022-03-03,0
Asake,Sungba,2022-04-21,0
Asake,Sungba (feat. Burna Boy) - Remix,2022-03-31,0
Asake,Sungba (feat. Burna Boy) - Remix,2022-04-21,0
Asake,Sungba (feat. Burna Boy) - Remix,2023-01-05,0
Asake,Sunmomi,2022-09-08,0
Asake,Terminator,2022-08-25,0
Asake,Terminator,2022-09-01,0
Asake,Terminator,2022-09-08,0
Asake,Terminator,2022-09-22,0
Asake,Terminator,2022-10-13,0
Asake,Terminator,2022-11-03,0
Asake,Terminator,2022-11-10,0
Asake,Terminator,2023-02-02,0
Asake,Trabaye,2022-02-17,0
Asake,Trabaye,2022-03-24,0
Asake,Wave,2024-06-27,0
Asake,Yoga,2023-02-02,0
Asake,Yoga,2023-02-09,0
Ayo Maff,7 DAYS,2024-05-16,0
Ayo Maff,7 DAYS,2024-06-20,0
Ayo Maff,Dealer,2024-05-16,0
Ayo Maff,Dealer,2024-05-30,0
Ayo Maff,Jama Jama,2024-05-16,0
Ayra Starr,ASE - A COLORS SHOW,2022-06-16,0
Ayra Starr,Bad Vibes (feat. Seyi Vibez),2024-05-16,0
Ayra Starr,Beggie Beggie,2022-02-17,0
Ayra Starr,Bloody Samaritan,2022-02-17,0
Ayra Starr,Bloody Samaritan,2022-09-01,0
Ayra Starr,Bloody Samaritan (with Kelly Rowland) - Remix,2022-10-06,0
Ayra Starr,Commas,2024-05-16,0
Ayra Starr,Fashion Killer,2022-02-17,0
Ayra Starr,Goodbye (Warm Up)(feat. Asake),2024-06-20,0
Ayra Starr,Jazzy's Song,2024-06-20,0
Ayra Starr,Last Heartbreak Song (feat. Giveon),2024-06-20,0
Ayra Starr,Lonely Refix,2022-10-27,0
Ayra Starr,Rhythm & Blues,2024-05-16,0
Ayra Starr,Running,2022-10-27,0
Ayra Starr,Running,2022-12-29,0
Ayra Starr,Rush,2022-09-22,0
Ayra Starr,Rush,2022-10-06,0
Ayra Starr,Rush,2022-11-10,0
Ayra Starr,Rush,2023-02-02,0
Ayra Starr,Rush,2023-03-23,0
Ayra Starr,Sability,2023-02-16,0
Ayra Starr,Sability,2023-03-02,0
Ayra Starr,Woman Commando (feat. Anitta & Coco Jones),2024-06-20,0
B Young,OCEAN,2022-07-07,0
BIA,LONDON (feat. J. Cole),2022-04-14,0
BLEU,Love In The Way,2022-09-22,0
BNXN fka Buju,Bad Man Wicked,2022-08-25,0
BNXN fka Buju,Bad Since '97,2022-08-25,0
BNXN fka Buju,Daniel Benson (BUJU),2022-02-17,0
BNXN fka Buju,For Days,2022-04-07,0
BNXN fka Buju,For Days,2022-06-16,0
BNXN fka Buju,For Here,2022-03-24,0
BNXN fka Buju,For Here,2022-04-07,0
BNXN fka Buju,GWAGWALADA,2023-02-16,0
BNXN fka Buju,GWAGWALADA,2023-03-02,0
BNXN fka Buju,GWAGWALADA,2023-03-09,0
BNXN fka Buju,GWAGWALADA,2023-03-16,0
BNXN fka Buju,GWAGWALADA,2023-05-11,0
BNXN fka Buju,I Do,2022-03-03,0
BNXN fka Buju,In My Mind,2022-08-25,0
BNXN fka Buju,In My Mind,2022-10-27,0
BNXN fka Buju,In My Mind,2022-11-17,0
BNXN fka Buju,In My Mind,2023-03-23,0
BNXN fka Buju,In My Mind - A COLORS SHOW,2022-08-25,0
BNXN fka Buju,Italy (feat. Blaq Diamond),2022-02-17,0
BNXN fka Buju,Kenkele,2022-07-21,0
BNXN fka Buju,Kenkele,2023-02-09,0
BNXN fka Buju,Kilometer,2022-02-17,0
BNXN fka Buju,Kilometer - Remix,2022-04-28,0
BNXN fka Buju,Lenu - Remix,2022-02-17,0
BNXN fka Buju,Loose Emotions,2022-08-25,0
BNXN fka Buju,Many Ways (feat. Wizkid),2022-08-25,0
BNXN fka Buju,Modupe,2022-08-25,0
BNXN fka Buju,Never Stopped,2022-02-17,0
BNXN fka Buju,Never Stopped,2022-03-17,0
BNXN fka Buju,Ogechukwu (feat. The Cavemen.),2022-03-03,0
BNXN fka Buju,Outside,2022-02-17,0
BNXN fka Buju,Outside,2022-03-24,0
BNXN fka Buju,PRAY,2023-05-11,0
BNXN fka Buju,So Lovely,2022-02-17,0
BNXN fka Buju,Something sweet,2022-02-17,0
BNXN fka Buju,Something sweet,2022-04-07,0
BNXN fka Buju,Testimony,2022-02-17,0
BNXN fka Buju,Traboski,2022-12-22,0
BNXN fka Buju,Traboski,2023-02-02,0
BNXN fka Buju,Traboski,2023-03-23,0
BNXN fka Buju,Traboski,2023-03-30,0
BTS,Born Singer,2022-06-16,0
BTS,For Youth,2022-06-16,0
BTS,Run BTS,2022-06-16,0
BTS,Yet To Come,2022-06-16,0
Babyboy AV,Confession,2023-01-19,0
Bad Boy Timz,Big Money,2022-09-22,0
Bad Boy Timz,Faya,2022-12-22,0
Bad Boy Timz,I Salute (feat. Zlatan),2023-04-27,0
Bad Boy Timz,Move,2022-02-17,0
Bad Boy Timz,Skelele (feat. Olamide),2022-02-17,0
Bad Boy Timz,Tossmitoss,2023-06-08,0
Balloranking,Feeling You,2022-02-17,0
Balloranking,Realize,2022-08-04,0
Balming Tiger,SEXY NUKIM (feat. RM of BTS),2022-09-08,0
Barry Jhay,Ayewada - Remix,2022-03-10,0
Barry Jhay,My Father My father,2023-06-08,0
Basketmouth,"Assembly Of Gods (feat. Magnito, Illbliss & Dremo)",2022-02-17,0
Basketmouth,Celowi,2022-02-17,0
Basketmouth,Leave Me,2022-02-17,0
Basketmouth,Listen,2022-02-17,0
Basketmouth,Love & Life (feat. M.I Abaga),2022-02-17,0
Basketmouth,Money,2022-02-17,0
Basketmouth,The Traveller,2022-02-17,0
Basketmouth,Trouble,2022-02-17,0
Basketmouth,Your Body (feat. Buju),2022-02-17,0
Basketmouth,Your Body (feat. Buju),2022-03-24,0
Bayanni,Body,2022-09-01,0
Bayanni,Family,2022-09-01,0
Bayanni,Ta Ta Ta,2022-12-22,0
Bayanni,Ta Ta Ta,2023-02-16,0
Bayanni,Ta Ta Ta,2023-03-23,0
Bayanni,Ta Ta Ta (with Jason Derulo),2023-04-27,0
Bella Shmurda,1999,2024-05-16,0
Bella Shmurda,Ara (Gen Gen Tin),2023-03-16,0
Bella Shmurda,Ase,2022-10-27,0
Bella Shmurda,Cash App,2022-02-17,0
Bella Shmurda,Contraband,2022-10-27,0
Bella Shmurda,Converse,2022-10-27,0
Bella Shmurda,Fire,2022-10-27,0
Bella Shmurda,Fvck Off,2022-05-26,0
Bella Shmurda,Lagos City,2022-10-27,0
Bella Shmurda,Level Up,2022-10-27,0
Bella Shmurda,Loner,2024-05-16,0
Bella Shmurda,Loose It,2022-10-27,0
Bella Shmurda,Man of the Year,2022-11-03,0
Bella Shmurda,Many Things,2022-04-14,0
Bella Shmurda,My Friend,2022-02-17,0
Bella Shmurda,NSV,2023-06-08,0
Bella Shmurda,New Born Fela,2022-08-04,0
Bella Shmurda,New Born Fela,2022-09-29,0
Bella Shmurda,No Other,2022-11-03,0
Bella Shmurda,Oghene,2024-05-16,0
Bella Shmurda,Oh Oh Oh,2022-10-27,0
Bella Shmurda,Philo,2022-09-22,0
Bella Shmurda,Philo,2022-10-20,0
Bella Shmurda,Philo,2023-03-02,0
Bella Shmurda,Philo - Remix,2023-03-23,0
Benson Boone,Beautiful Things,2024-05-16,0
Berri-Tiga,God,2022-09-29,0
Beyonc,ALIEN SUPERSTAR,2022-08-04,0
Beyonc,BREAK MY SOUL,2022-06-23,0
Beyonc,CHURCH GIRL,2022-08-04,0
Beyonc,COZY,2022-08-04,0
Beyonc,CUFF IT,2022-08-04,0
Beyonc,ENERGY (feat. Beam),2022-08-04,0
Beyonc,HEATED,2022-08-04,0
Beyonc,I'M THAT GIRL,2022-08-04,0
Beyonc,MOVE (feat. Grace Jones & Tems),2022-08-04,0
Beyonc,PLASTIC OFF THE SOFA,2022-08-04,0
Beyonc,VIRGO'S GROOVE,2022-08-04,0
BhadBoi OML,Shkran Lak,2024-05-16,0
BhadBoi OML,Shkran Lak,2024-05-23,0
Billie Eilish,LUNCH,2024-05-23,0
Billie Eilish,TV,2022-07-28,0
Billie Eilish,lovely (with Khalid),2022-02-17,0
Billie Eilish,lovely (with Khalid),2022-02-24,0
Billie Eilish,lovely (with Khalid),2022-06-09,0
Billie Eilish,lovely (with Khalid),2023-02-16,0
Billie Eilish,lovely (with Khalid),2024-05-30,0
Billion Solar,Alubarika,2024-05-16,0
Black Sherif,45,2022-10-13,0
Black Sherif,Don't Forget Me,2022-10-13,0
Black Sherif,First Sermon,2022-04-07,0
Black Sherif,Kilos Milos,2024-06-27,0
Black Sherif,Konongo Zongo,2022-10-13,0
Black Sherif,Kwaku The Traveller,2022-10-06,0
Black Sherif,Kwaku the Traveller,2022-04-07,0
Black Sherif,Kwaku the Traveller,2022-04-14,0
Black Sherif,Kwaku the Traveller,2022-04-21,0
Black Sherif,Kwaku the Traveller,2022-06-09,0
Black Sherif,Kwaku the Traveller,2022-07-07,0
Black Sherif,Kwaku the Traveller,2022-08-18,0
Black Sherif,Money,2022-04-07,0
Black Sherif,Oh Paradise,2022-10-13,0
Black Sherif,Oil in my Head,2022-10-13,0
Black Sherif,Oil in my Head,2023-02-09,0
Black Sherif,Prey Da Youngsta,2022-10-13,0
Black Sherif,Sad Boys Don't Fold,2022-10-13,0
Black Sherif,Second Sermon,2022-04-07,0
Black Sherif,Second Sermon - Remix,2022-02-17,0
Black Sherif,Second Sermon - Remix,2022-04-14,0
Black Sherif,Second Sermon - Remix,2022-05-05,0
Black Sherif,Soja,2022-09-22,0
Black Sherif,The Homeless Song,2022-10-13,0
Black Sherif,Toxic Love City,2022-10-13,0
Black Sherif,Wasteman,2022-10-13,0
Black Sherif,We Up,2022-10-13,0
Blaqbonez,BACK IN UNI,2022-10-20,0
Blaqbonez,BACK IN UNI,2023-01-05,0
Blaqbonez,BACK ON BS,2022-11-03,0
Blaqbonez,Back In Uni,2022-10-13,0
Blaqbonez,Bling (feat. Amaarae & Buju),2022-02-17,0
Blaqbonez,Breaking The Yoke Of Love,2023-02-09,0
Blaqbonez,Commander,2022-02-24,0
Blaqbonez,Commander,2022-03-24,0
Blaqbonez,Commander,2022-07-07,0
Blaqbonez,ESS MAMA (feat. Tekno),2022-11-03,0
Blaqbonez,FAKE NIKES (feat. Blxckie & Cheque),2022-11-03,0
Blaqbonez,FASHIONNOVA,2022-11-03,0
Blaqbonez,Go Home,2022-06-09,0
Blaqbonez,HOT BOY,2022-11-03,0
Blaqbonez,ID BE WAITING,2022-11-03,0
Blaqbonez,LOYALTY,2022-11-03,0
Blaqbonez,MAZOE (feat. Takura & Bien),2022-11-03,0
Blaqbonez,NO SLEEP $$$ (feat. Young Jonn),2024-05-16,0
Blaqbonez,NYEM EGO (feat. Jeriq),2024-05-16,0
Blaqbonez,SHE LIKE IGBO,2022-11-03,0
Blaqbonez,STAR LIFE,2022-11-03,0
Blaqbonez,WHISTLE (feat. Lojay & Amaarae),2022-11-03,0
Blaqbonez,YOUNG PREACHER,2022-11-03,0
Bloody Civilian,Wake Up,2022-11-10,0
Bnxn,GWAGWALADA,2023-06-08,0
Bnxn,PRAY,2023-06-08,0
Bnxn,Pidgin & English,2024-05-16,0
Bnxn,Sweet Tea (Aduke),2024-05-16,0
Bnxn,Traboski,2023-06-08,0
Boi Chase,Electricity Refix - Special Version,2022-09-22,0
Boj,2 Bad,2023-03-16,0
Boj,Abracadabra,2022-04-28,0
Boj,Action Boyz,2022-04-28,0
Boj,Awolowo,2022-04-28,0
Boj,Confam,2022-04-28,0
Boj,Culture,2022-04-28,0
Boj,Emotions,2022-04-28,0
Boj,Gbagada Express,2022-04-28,0
Boj,Get Out The Way,2022-04-28,0
Boj,In A Loop,2022-04-14,0
Boj,Lekki Love,2022-04-28,0
Boj,Line Of Fire,2023-05-11,0
Boj,Love Garden,2024-05-16,0
Boj,Money & Laughter,2022-04-28,0
Boj,No Option,2023-06-08,0
Boj,Owo Ni Koko,2022-04-28,0
Boj,Tinu Ewe,2022-04-28,0
Boj,Unconsciously,2022-04-28,0
Boj,Yarning Many - Skit,2022-04-28,0
Boj,Your Love - Mogbe,2022-04-28,0
Boy Spyce,Bad Things,2022-04-21,0
Boy Spyce,Destiny,2022-04-21,0
Boy Spyce,Dreams,2022-04-21,0
Boy Spyce,Folake,2023-02-02,0
Boy Spyce,I Don't Care,2024-05-16,0
Boy Spyce,Nobody,2022-04-21,0
Boy Spyce,Relationship,2023-06-08,0
Boy Spyce,Wayo,2022-04-21,0
BoyPee,Ogechi (feat. Davido) [Remix],2024-06-27,0
Boylexxy,Sacrifice,2024-06-20,0
Broda Shaggi,Cross My Lane,2022-02-17,0
Brown Joel,Ogechi,2024-05-23,0
Brown Joel,Peace,2023-03-30,0
Brown Joel,Peace (Sped Up),2023-03-30,0
Brown Joel,Peace - Sped Up,2023-04-13,0
Brymo,Dem No Born Us Together,2022-06-02,0
Brymo,For You,2022-06-02,0
Brymo,Illusions,2022-06-02,0
Brymo,Life Dey Go On,2022-06-02,0
Brymo,Love Na Drug,2022-06-02,0
Brymo,Market Square,2022-06-02,0
Brymo,Money Good,2022-06-02,0
Brymo,Oga,2022-06-02,0
Brymo,Pim Pim,2022-06-02,0
Brymo,Tomorrow,2022-06-02,0
Burna Boy,23,2022-05-05,0
Burna Boy,Alone,2022-11-10,0
Burna Boy,Alone,2023-01-26,0
Burna Boy,Alone,2023-03-16,0
Burna Boy,B. D'OR (feat. Wizkid),2022-02-17,0
Burna Boy,B. D'OR (feat. Wizkid),2022-03-03,0
Burna Boy,B. D'OR (feat. Wizkid),2022-03-24,0
Burna Boy,B. D'OR (feat. Wizkid),2022-07-07,0
Burna Boy,B. D'OR (feat. Wizkid),2022-08-04,0
Burna Boy,B. D'OR (feat. Wizkid),2022-08-18,0
Burna Boy,Bank On It,2022-05-05,0
Burna Boy,City Boys,2024-05-16,0
Burna Boy,Cloak & Dagger (feat. J Hus),2022-07-14,0
Burna Boy,Common Person,2022-07-14,0
Burna Boy,Common Person,2022-07-28,0
Burna Boy,Common Person,2022-10-13,0
Burna Boy,Common Person,2022-10-27,0
Burna Boy,Different Size (feat. Victony),2022-07-14,0
Burna Boy,Different Size (feat. Victony),2022-10-13,0
Burna Boy,Dirty Secrets,2022-07-14,0
Burna Boy,For My Hand (feat. Ed Sheeran),2022-07-14,0
Burna Boy,For My Hand (feat. Ed Sheeran),2022-08-11,0
Burna Boy,For My Hand (feat. Ed Sheeran),2022-08-18,0
Burna Boy,For My Hand (feat. Ed Sheeran),2022-10-27,0
Burna Boy,Gbona,2022-06-09,0
Burna Boy,Giza (feat. Seyi Vibez),2024-05-16,0
Burna Boy,Glory (feat. Ladysmith Black Mambazo),2022-07-14,0
Burna Boy,Gum Body (feat. Jorja Smith),2022-07-14,0
Burna Boy,How Bad Could It Be,2022-07-14,0
Burna Boy,It's Plenty,2022-07-14,0
Burna Boy,It's Plenty,2022-07-21,0
Burna Boy,It's Plenty,2022-10-27,0
Burna Boy,It's Plenty,2023-04-13,0
Burna Boy,Jagele,2022-07-14,0
Burna Boy,Kilometre,2022-02-17,0
Burna Boy,Last Last,2022-05-19,0
Burna Boy,Last Last,2022-06-02,0
Burna Boy,Last Last,2022-06-09,0
Burna Boy,Last Last,2022-06-16,0
Burna Boy,Last Last,2022-08-11,0
Burna Boy,Last Last,2022-09-08,0
Burna Boy,Last Last,2022-09-22,0
Burna Boy,Last Last,2022-10-20,0
Burna Boy,Last Last,2022-12-29,0
Burna Boy,Last Last,2023-03-02,0
Burna Boy,Last Last,2023-04-27,0
Burna Boy,"Love, Damini (feat. Ladysmith Black Mambazo)",2022-07-14,0
Burna Boy,On Form,2024-05-16,0
Burna Boy,On The Low,2022-02-17,0
Burna Boy,On The Low,2022-03-24,0
Burna Boy,On The Low,2022-08-18,0
Burna Boy,Question (feat. Don Jazzy),2022-07-07,0
Burna Boy,Real Life (feat. Stormzy),2022-02-24,0
Burna Boy,Real Life (feat. Stormzy),2022-03-24,0
Burna Boy,Real Life (feat. Stormzy),2023-05-11,0
Burna Boy,Rollercoaster (feat. J Balvin),2022-07-14,0
Burna Boy,Science,2022-07-14,0
Burna Boy,Sittin' On Top Of The World,2023-06-08,0
Burna Boy,Solid (feat. Blxst & Kehlani),2022-07-14,0
Burna Boy,Talibans II - Bonus Track,2024-05-16,0
Burna Boy,"Tested, Approved & Trusted",2024-05-16,0
Burna Boy,Toni-Ann Singh (feat. Popcaan),2022-07-14,0
Burna Boy,Vanilla,2022-07-14,0
Burna Boy,Want It All,2022-02-17,0
Burna Boy,Want It All,2022-03-17,0
Burna Boy,Way Too Big,2022-05-12,0
Burna Boy,Whiskey,2022-07-14,0
Burna Boy,Wild Dreams (feat. Khalid),2022-07-14,0
Burna Boy,Ye,2022-02-17,0
Burna Boy,Ye,2022-03-17,0
Burna Boy,Ye,2022-05-19,0
Burna Boy,Ye,2022-06-09,0
Burna Boy,Ye,2022-09-01,0
Busiswa,Where You Dey Go (feat. Naira Marley),2022-03-17,0
Byron Messia,Choppa (with Lil Baby & Rvssian),2024-06-20,0
CKay,Emiliana,2022-02-17,0
CKay,Emiliana,2022-06-30,0
CKay,HALLELUJAH (feat. Blaqbonez),2023-05-11,0
CKay,Maria,2022-05-26,0
CKay,"WATAWI (feat. Davido, Focalistic & Abidoza)",2022-06-23,0
CKay,"WATAWI (feat. Davido, Focalistic & Abidoza) - Edit",2022-06-23,0
CKay,Wahala (feat. Olamide),2024-05-16,0
CKay,by now,2022-09-29,0
CKay,come close (feat. Ayra Starr),2022-09-29,0
CKay,emiliana,2022-08-25,0
CKay,leave me alone,2022-09-29,0
CKay,love nwantiti (ah ah ah),2022-02-17,0
CKay,mmadu,2022-09-29,0
CKay,nwayi,2023-06-08,0
CKay,samson and delilah (feat. Mayra Andrade),2022-09-29,0
CKay,soja,2022-09-29,0
CKay,you,2022-09-01,0
CKay,"you cheated, i cheated too",2022-09-29,0
Camidoh,Slow,2022-10-20,0
Camidoh,"Sugarcane (Remix) [feat. King Promise, Mayorkun & Darkoo]",2022-04-14,0
Camidoh,"Sugarcane (Remix) [feat. King Promise, Mayorkun & Darkoo]",2022-05-26,0
Camidoh,"Sugarcane (Remix) [feat. King Promise, Mayorkun & Darkoo]",2022-06-02,0
Camidoh,"Sugarcane (Remix) [feat. King Promise, Mayorkun & Darkoo]",2022-06-09,0
Camidoh,"Sugarcane (Remix) [feat. King Promise, Mayorkun & Darkoo]",2022-07-07,0
Camidoh,"Sugarcane (Remix) [feat. King Promise, Mayorkun & Darkoo]",2022-10-13,0
Camidoh,Sugarcane - Remix,2022-12-29,0
Camila Cabello,Bam Bam (feat. Ed Sheeran),2022-03-10,0
Candy Bleakz,Tikuku,2022-05-05,0
Cardi B,Hot Shit (feat. Ye & Lil Durk),2022-07-07,0
Carterefe,Machala,2022-08-04,0
Carterefe,Ololade Mi Carter,2022-12-22,0
Carterefe,Oluchi,2023-03-16,0
Cazulee,Only Way,2024-05-23,0
Central Cee,BAND4BAND (feat. Lil Baby),2024-05-30,0
Central Cee,Doja,2022-07-28,0
Central Cee,Doja,2022-08-04,0
Central Cee,LET GO,2022-12-22,0
Central Cee,LET GO,2023-01-26,0
Ch'cco,Nkao Tempela,2022-02-17,0
Charlie Puth,Left and Right (Feat. Jung Kook of BTS),2022-06-30,0
Chella,Nyash na Nyash,2024-05-16,0
Cheque,Call Me Baby,2022-02-17,0
Cheque,Dangerous (feat. Ayra Starr),2022-02-17,0
Cheque,Holy Gee,2022-07-28,0
Cheque,LOML (feat. Olamide),2022-02-17,0
Cheque,Rockstar,2022-02-17,0
Chike,Egwu,2024-05-16,0
Chike,Hard to Find,2022-09-01,0
Chike,Pour Me a Drink,2022-09-01,0
Chike,Spell - Remix,2023-03-23,0
Chris Brown,Addicted (feat. Lil Baby),2022-06-30,0
Chris Brown,Angel Numbers / Ten Toes,2024-05-16,0
Chris Brown,C.A.B. (Catch A Body) (feat. Fivio Foreign),2022-06-30,0
Chris Brown,Call Me Every Day (feat. WizKid),2022-06-23,0
Chris Brown,Call Me Every Day (feat. WizKid),2022-08-04,0
Chris Brown,Call Me Every Day (feat. WizKid),2022-08-25,0
Chris Brown,Call Me Every Day (feat. Wizkid),2022-09-08,0
Chris Brown,Closure (feat. H.E.R.),2022-06-30,0
Chris Brown,Hmmm (feat. Davido),2024-05-16,0
Chris Brown,Need You Right Here (feat. Bryson Tiller),2022-06-30,0
Chris Brown,Nobody Has To Know (feat. Davido),2022-07-14,0
Chris Brown,Pitch Black,2022-06-30,0
Chris Brown,Possessive (feat. Lil Wayne & BLEU),2022-06-30,0
Chris Brown,Psychic,2022-06-30,0
Chris Brown,Sex Memories (feat. Ella Mai),2022-06-30,0
Chris Brown,Till The Wheels Fall Off (feat. Lil Durk & Capella Grey),2022-06-30,0
Chris Brown,Under The Influence,2022-06-23,0
Chris Brown,Under The Influence,2022-10-13,0
Chris Brown,Under The Influence,2023-02-16,0
Chris Brown,WE (Warm Embrace),2022-06-30,0
Cleffy,Meet you at the Graveyard,2024-05-16,0
Clement whyte,KuMama Papa - Instagram Edit,2022-03-10,0
Cobhams Asuquo,Jah Eli Jah,2022-05-12,0
Coi Leray,Blick Blick (with Nicki Minaj),2022-03-24,0
Coi Leray,Players,2023-02-23,0
Costa Titch,Big Flexa,2022-06-16,0
Crayon,Ijo (Laba Laba),2022-07-07,0
Crayon,Ijo (Laba Laba),2022-08-04,0
Crayon,Ijo (Laba Laba),2022-08-25,0
Crayon,Ijo (Laba Laba),2022-09-15,0
Crayon,Ijo (Laba Laba),2022-10-06,0
Crayon,Ijo (Laba Laba),2022-10-13,0
Crayon,Ijo (Laba Laba),2023-01-05,0
Crayon,Ngozi,2024-05-16,0
Crayon,The One (Chop Life),2023-03-23,0
Cruel Santino,BEAUTIFUL NOTHING (feat. Gus Dapperton),2022-03-10,0
Cruel Santino,BORN AGAIN (feat. Amaarae),2022-03-10,0
Cruel Santino,DEADMAN BONE (feat. Koffee),2022-03-10,0
Cruel Santino,DIRTY EYES EVIL MANNERS (feat. Skepta),2022-03-10,0
Cruel Santino,FALLIN (feat. Chi Virgo & Solis),2022-03-10,0
Cruel Santino,FINAL CHAMPION,2022-03-10,0
Cruel Santino,FIRST HEAVEN,2022-03-10,0
Cruel Santino,HEATING ROCKS,2022-03-10,0
Cruel Santino,I TOLD GUS I'M DREAMIN,2022-03-10,0
Cruel Santino,MATILDA (feat. Brazy),2022-03-10,0
Cruel Santino,MERMAID AQUA,2022-03-10,0
Cruel Santino,"OWN GAME (feat. Bratzbih, EBEE, Seo)",2022-03-10,0
Cruel Santino,SA-KURACHAN,2022-03-10,0
Cruel Santino,SUBARU BOYS OST (INTERLUDE),2022-03-10,0
Cruel Santino,SUCRE/SAGA SHIP,2022-03-10,0
Cruel Santino,SWAGGER BACK (feat. WifiGAWD),2022-03-10,0
Cruel Santino,TAPENGA,2022-03-10,0
Cruel Santino,THE PEARLS (feat. Maison2500),2022-03-10,0
Cruel Santino,WAR IN THE TRENCHES,2022-03-10,0
Cruel Santino,WAY OF THE SERPENT,2022-03-10,0
Cruel Santino,WICKED CITY (feat. Gus Dapperton),2022-03-10,0
Cruel Santino,showmetheway !!,2023-02-16,0
D Jay,Balance It,2022-08-04,0
DDG,Elon Musk (feat. Gunna),2022-03-31,0
DDG,Elon Musk (feat. Gunna),2022-04-21,0
DJ Big N,How Many Times,2023-04-27,0
DJ Kaywise,High Way,2022-02-17,0
DJ Khaled,BEAUTIFUL (feat. Future & SZA),2022-09-01,0
DJ Khaled,BIG TIME (feat. Future & Lil Baby),2022-09-01,0
DJ Khaled,BILLS PAID (feat. Latto & City Girls),2022-09-01,0
DJ Khaled,"FAM GOOD, WE GOOD (feat. Gunna & Roddy Ricch)",2022-09-01,0
DJ Khaled,"GOD DID (feat. Rick Ross, Lil Wayne, Jay-Z, John Legend & Fridayy)",2022-09-01,0
DJ Khaled,GRATEFUL (feat. Vory),2022-09-01,0
DJ Khaled,IT AIN'T SAFE (feat. Nardo Wick & Kodak Black),2022-09-01,0
DJ Khaled,JADAKISS INTERLUDE (feat. Jadakiss),2022-09-01,0
DJ Khaled,Juice WRLD DID (feat. Juice WRLD),2022-09-01,0
DJ Khaled,"KEEP GOING (feat. Lil Durk, 21 Savage & Roddy Ricch)",2022-09-01,0
DJ Khaled,LET'S PRAY (feat. Don Toliver & Travis Scott),2022-09-01,0
DJ Khaled,NO SECRET (feat. Drake),2022-09-01,0
DJ Khaled,PARTY (feat. Quavo & Takeoff),2022-09-01,0
DJ Khaled,STAYING ALIVE (feat. Drake & Lil Baby),2022-08-11,0
DJ Khaled,"THESE STREETS KNOW MY NAME (feat. Skillibeng, Buju Banton, Capleton, Bounty Killer & Sizzla)",2022-09-01,0
DJ Khaled,USE THIS GOSPEL (feat. Kanye West & Eminem) - REMIX,2022-09-08,0
DJ Khaled,USE THIS GOSPEL (feat. Ye & Eminem) - REMIX,2022-09-01,0
DJ Khaled,WAY PAST LUCK (feat. 21 Savage),2022-09-01,0
DJ Neptune,Abeg,2022-02-17,0
DJ Neptune,Bienvenue,2023-02-02,0
DJ Neptune,Bienvenue,2023-03-23,0
DJ Neptune,Only Fan,2022-02-17,0
DJ Neptune,Walangolo,2022-04-14,0
DJ Tarico,Yaba Buluku (feat. Preck & Nelson Tivane) - Remix,2022-02-17,0
DJ Tunez,APALA DISCO,2024-06-27,0
DJ Tunez,"APALA DISCO (feat. Wizkid, Seyi Vibez & Terry Apala) - Remix",2024-06-27,0
DJ Tunez,Bad Girl (feat. Wande Coal & Victony),2022-09-01,0
DJ Tunez,Bad Girl (feat. Wande Coal and Victony),2022-08-04,0
DJ Tunez,Blessings (feat. Wizkid & Gimba),2023-06-08,0
DJ Tunez,MMM (feat. MohBad & Rexxie),2022-02-24,0
DJ Tunez,"Majo (feat. Wizkid, Alpha P & Tay Iwar)",2022-09-01,0
DJ Tunez,"Majo (feat. Wizkid, Alpha P and Tay Iwar)",2022-08-25,0
DJ Tunez,"PAMI (feat. Wizkid, Adekunle Gold & Omah Lay)",2022-02-17,0
DaBaby,SHOWING OFF HER BODY (with Davido),2022-06-30,0
Dai Verse,Salt,2024-05-16,0
Dai Verse,Sweet Daddy,2022-02-17,0
Dai Verse,Sweet Daddy,2022-04-21,0
Dai Verse,Your Body (Cocaine),2022-02-17,0
Daliwonga,Abo Mvelo (feat. Mellow & Sleazy & M.J),2022-04-21,0
Damo K,Forever Killa,2024-06-20,0
Damo K,Grind,2022-05-19,0
Dangbana Republik,Far Away,2022-02-17,0
Dangbana Republik,Rush,2022-02-17,0
Dangbana Republik,Rush,2022-04-07,0
Danny Brace,Tomorrow,2022-05-26,0
Darkoo,Always (feat. Black Sherif),2022-03-03,0
Darkoo,Always (feat. Black Sherif),2022-09-29,0
Darkoo,Always (feat. Black Sherif),2022-10-13,0
Darkoo,Disturbing U,2023-04-13,0
Darkoo,Favourite Girl,2024-05-23,0
Darkoo,There She Go (Jack Sparrow) [feat. Mayorkun],2022-06-09,0
Dave,Clash (feat. Stormzy),2022-02-17,0
Dave,Lazarus (feat. Boj),2022-04-28,0
Dave,Location (feat. Burna Boy),2022-02-17,0
Dave,Location (feat. Burna Boy),2022-04-07,0
Dave,My 24th Birthday,2022-06-30,0
Dave,Our 25th Birthday,2023-06-08,0
Dave,Sprinter,2023-06-08,0
Dave,Starlight,2022-03-10,0
Dave,Starlight,2022-08-04,0
Dave,System (feat. WizKid),2022-02-17,0
Dave,System (feat. WizKid),2022-05-05,0
Dave,Trojan Horse,2023-06-08,0
Dave,UK Rap,2023-06-08,0
Davido,AWAY,2023-03-30,0
Davido,BOP (feat. Dexta Daps),2023-03-30,0
Davido,Champion Sound,2022-02-17,0
Davido,Champion Sound,2022-03-10,0
Davido,E PAIN ME,2023-03-30,0
Davido,FEEL,2023-03-30,0
Davido,FEEL,2023-04-13,0
Davido,FEEL,2023-04-27,0
Davido,FOR THE ROAD,2023-04-06,0
Davido,Fall,2023-04-06,0
Davido,GODFATHER,2023-03-30,0
Davido,IN THE GARDEN (feat. Morravey),2023-03-30,0
Davido,Jowo,2022-05-19,0
Davido,KANTE (feat. Fave),2023-03-30,0
Davido,KANTE (feat. Fave),2023-04-13,0
Davido,KANTE (feat. Fave),2024-06-27,0
Davido,LCND,2023-04-06,0
Davido,La La (feat. Ckay),2022-02-17,0
Davido,NA MONEY (feat. The Cavemen. & Anglique Kidjo),2023-04-06,0
Davido,NA MONEY (feat. The Cavemen. & Anglique Kidjo),2023-04-13,0
Davido,NO COMPETITION (feat. Asake),2023-03-30,0
Davido,NO COMPETITION (feat. Asake),2023-04-13,0
Davido,OVER DEM,2023-03-30,0
Davido,PICASSO (feat. Logos Olori),2023-04-06,0
Davido,PRECISION,2023-04-06,0
Davido,Stand Strong (feat. Sunday Service Choir),2022-05-12,0
Davido,Stand Strong (feat. Sunday Service Choir),2022-06-02,0
Davido,Stand Strong (feat. Sunday Service Choir),2022-06-09,0
Davido,U (JUJU) (feat. Skepta),2023-04-06,0
Davido,UNAVAILABLE (feat. Musa Keys),2023-03-30,0
Davido,UNAVAILABLE (feat. Musa Keys),2023-04-13,0
Davido,UNAVAILABLE (feat. Musa Keys),2023-05-11,0
Dboi,Bezos,2023-03-09,0
Deribb,Where,2023-04-06,0
Diamond Platnumz,Melody (feat. Jaywillz),2022-03-17,0
Dice Ailes,Hold Me (feat. Tiwa Savage),2022-03-03,0
Dj Bentoa,YESHUA - dance cruise,2023-06-08,0
Dj Boat,Door,2022-05-19,0
Dj Boat,Peru,2022-05-19,0
Dj Boat,Question,2022-02-17,0
Dj Boat,Question,2022-04-07,0
Dj Boat,Sip (Alcohol),2022-05-19,0
Dj Voyst,B.O.A (Based On Analysis),2022-10-20,0
Dj khalipha,Mara pass Mara Beat,2023-04-13,0
Django23,Poppin',2022-06-02,0
Doja Cat,Need to Know,2022-02-17,0
Doja Cat,Vegas (From the Original Motion Picture Soundtrack ELVIS),2022-06-09,0
Doja Cat,Woman,2022-02-17,0
Don Toliver,"Givin Up (Not The One) (Don Toliver & 21 Savage, 2 Chainz)",2023-06-08,0
Don Toliver,Leave The Club (feat. Lil Durk & GloRilla),2023-03-02,0
Don Toliver,Private Landing (feat. Justin Bieber & Future),2023-03-02,0
Don Toliver,Slow Motion (feat. Wizkid),2023-03-02,0
Drake,A Keeper,2022-06-23,0
Drake,BackOutsideBoyz,2022-11-10,0
Drake,Broke Boys,2022-11-10,0
Drake,Calling My Name,2022-06-23,0
Drake,Circo Loco,2022-11-10,0
Drake,Currents,2022-06-23,0
Drake,Down Hill,2022-06-23,0
Drake,Fair Trade (with Travis Scott),2022-02-24,0
Drake,Falling Back,2022-06-23,0
Drake,Flight's Booked,2022-06-23,0
Drake,Girls Want Girls (with Lil Baby),2022-02-17,0
Drake,Hours In Silence,2022-11-10,0
Drake,I Guess Its Fuck Me,2022-11-10,0
Drake,Intro,2022-06-23,0
Drake,Jimmy Cooks (feat. 21 Savage),2022-06-23,0
Drake,Jimmy Cooks (feat. 21 Savage),2022-09-01,0
Drake,Jimmy Cooks (feat. 21 Savage),2023-01-26,0
Drake,Jumbotron Shit Poppin,2022-11-10,0
Drake,Liability,2022-06-23,0
Drake,Major Distribution,2022-11-10,0
Drake,Massive,2022-06-23,0
Drake,Middle of the Ocean,2022-11-10,0
Drake,More Ms,2022-11-10,0
Drake,On BS,2022-11-10,0
Drake,One Dance,2022-02-17,0
Drake,Overdrive,2022-06-23,0
Drake,Privileged Rappers,2022-11-10,0
Drake,Pussy & Millions (feat. Travis Scott),2022-11-10,0
Drake,Rich Flex,2022-11-10,0
Drake,Search & Rescue,2023-04-13,0
Drake,Spin Bout U,2022-11-10,0
Drake,Sticky,2022-06-23,0
Drake,Texts Go Green,2022-06-23,0
Drake,Tie That Binds,2022-06-23,0
Drake,Treacherous Twins,2022-11-10,0
Drake,Wants and Needs (feat. Lil Baby),2022-06-23,0
Drake,Way 2 Sexy (with Future & Young Thug),2022-02-17,0
Dreamville,Stick (with JID & J. Cole feat. Kenny Mason & Sheck Wes),2022-04-07,0
Dremo,Confam,2022-03-24,0
Dunsin Oyekan,Worthy of My Praise,2024-05-16,0
EI8HT,Silk & Cologne (EI8HT & Offset) - Spider-Verse Remix,2023-06-08,0
Ebuka Songs,I Will Pray,2023-03-02,0
Ebuka Songs,I Will Pray,2023-03-16,0
Ebuka Songs,I will pray,2024-05-30,0
Ed Sheeran,2step (feat. Lil Baby),2022-04-28,0
Ed Sheeran,Bad Habits,2022-02-17,0
Ed Sheeran,Shivers,2022-02-17,0
Ed Sheeran,Shivers,2022-04-07,0
Ed Sheeran,The Joker And The Queen (feat. Taylor Swift),2022-02-17,0
Elley Duh,MIDDLE OF THE NIGHT,2022-04-21,0
Eltee Skhillz,ODG,2022-02-17,0
Eltee Skhillz,ODG,2022-03-24,0
Eminem,Mockingbird,2023-01-12,0
Emmmzeal,Carterefe Machala Efe,2022-08-04,0
Erigga,Vawulence,2022-09-08,0
Falz,All Night,2022-06-16,0
Falz,Another Me,2022-06-16,0
Falz,Bop Daddy,2022-03-10,0
Falz,Ice Cream,2022-03-24,0
Falz,Knee Down,2022-06-16,0
Falz,Oga,2022-02-17,0
Falz,Yakubu,2023-04-06,0
Fave,Baby Riddim,2022-02-17,0
Fave,Baby Riddim,2022-03-10,0
Fave,Baby Riddim,2022-04-21,0
Fave,Baby Riddim,2022-06-30,0
Fave,Baby Riddim,2022-12-29,0
Fave,Beautifully,2022-02-17,0
Fave,N.B.U,2022-09-01,0
Fave,Obsessed,2022-03-03,0
Fave,Scatta Scatta,2022-10-27,0
Feranbanks,Cityboiz,2023-02-23,0
Feranbanks,Energy,2022-02-24,0
Fiokee,Follow You,2022-02-17,0
Fireboy DML,Adore (feat. Euro),2022-08-11,0
Fireboy DML,Afro Highlife,2022-08-11,0
Fireboy DML,All Of Us (Ashawo),2022-09-15,0
Fireboy DML,All Of Us (Ashawo),2023-02-16,0
Fireboy DML,Ashawo,2022-08-11,0
Fireboy DML,Bandana,2022-07-14,0
Fireboy DML,Bandana,2022-07-28,0
Fireboy DML,Bandana,2022-08-04,0
Fireboy DML,Bandana,2022-08-11,0
Fireboy DML,Bandana,2022-08-18,0
Fireboy DML,Bandana,2022-09-01,0
Fireboy DML,Bandana,2022-09-08,0
Fireboy DML,Bandana,2022-10-13,0
Fireboy DML,Change,2022-08-11,0
Fireboy DML,Coming Back For You,2022-11-10,0
Fireboy DML,Compromise (feat. Rema),2022-08-11,0
Fireboy DML,Diana,2022-08-11,0
Fireboy DML,Diana,2022-11-17,0
Fireboy DML,Everyday,2024-05-16,0
Fireboy DML,Glory,2022-08-11,0
Fireboy DML,Havin' Fun,2022-08-11,0
Fireboy DML,King,2023-04-06,0
Fireboy DML,Peru,2022-02-17,0
Fireboy DML,Peru - Remix,2022-02-17,0
Fireboy DML,Playboy,2022-03-24,0
Fireboy DML,Playboy,2022-04-21,0
Fireboy DML,Playboy,2022-04-28,0
Fireboy DML,Playboy,2022-05-05,0
Fireboy DML,Playboy,2022-05-26,0
Fireboy DML,Playboy,2022-06-16,0
Fireboy DML,Playboy,2022-11-03,0
Fireboy DML,Playboy,2023-02-23,0
Fireboy DML,Sofri,2022-08-11,0
Fireboy DML,Someone,2023-05-11,0
Fireboy DML,Timoti,2022-08-11,0
Fivio Foreign,City of Gods,2022-02-17,0
Flavour,Game Changer (Dike),2023-02-09,0
Flavour,Levels,2022-02-17,0
Focalistic,Ke Star - Remix,2022-02-17,0
Frenna,More Pretty Girls,2024-06-20,0
Freshyo livinglarge,Love don't cost a dime cover,2023-01-19,0
Fridayy,Blessings (with Asake) - Remix,2023-02-09,0
Fridayy,Blessings - Remix,2022-12-22,0
Future,712PM,2022-05-05,0
Future,BACK TO THE BASICS,2022-05-05,0
Future,CHICKENS (feat. EST Gee),2022-05-05,0
Future,FOR A NUT (feat. Gunna & Young Thug),2022-05-05,0
Future,GOLD STACKS,2022-05-05,0
Future,HOLY GHOST,2022-05-05,0
Future,I'M DAT N****,2022-05-05,0
Future,I'M ON ONE (feat. Drake),2022-05-05,0
Future,KEEP IT BURNIN (feat. Kanye West),2022-05-05,0
Future,LOVE YOU BETTER,2022-05-05,0
Future,Like That,2024-05-16,0
Future,MASSAGING ME,2022-05-05,0
Future,PUFFIN ON ZOOTIEZ,2022-05-05,0
Future,THE WAY THINGS GOING,2022-05-05,0
Future,VOODOO (feat. Kodak Black),2022-05-05,0
Future,WAIT FOR U (feat. Drake & Tems),2022-05-05,0
Future,WAIT FOR U (feat. Drake & Tems),2022-06-16,0
Future,WAIT FOR U (feat. Drake & Tems),2022-07-07,0
Future,WAIT FOR U (feat. Drake & Tems),2022-09-08,0
Future,WAIT FOR U (feat. Drake & Tems),2023-02-16,0
Future,WE JUS WANNA GET HIGH,2022-05-05,0
Future,WORST DAY,2022-05-05,0
Future,Worst Day,2022-02-17,0
GAYLE,abcdefu,2022-02-17,0
Giveon,For Tonight,2022-02-17,0
Giveon,Heartbreak Anniversary,2022-07-14,0
Giveon,Lost Me,2022-06-30,0
Glass Animals,Heat Waves,2022-02-17,0
Glass Animals,Heat Waves,2022-05-12,0
Goya Menor,Ameno Amapiano Remix (You Wanna Bamba),2022-02-17,0
Grace Lokwa,Kumama Papa,2023-01-05,0
Guchi,All Over You,2023-06-08,0
Gunna,bread & butter,2023-06-08,0
Gunna,collage,2024-05-16,0
Gunna,fukumean,2024-05-16,0
Gunna,hakuna matata,2024-05-16,0
Gunna,let it breathe (feat. Roddy Ricch),2024-05-16,0
Gunna,on one tonight,2024-05-16,0
Gunna,one of wun,2024-05-16,0
Gunna,prada dem (feat. Offset),2024-05-16,0
Gunna,pushin P (feat. Young Thug),2022-02-17,0
Gunna,treesh,2024-05-16,0
Gunna,whatsapp (wassam),2024-05-16,0
Gyakie,Forever (Remix),2022-02-17,0
Gyakie,SOMETHING,2022-06-16,0
Harry Styles,As It Was,2022-04-07,0
Harry Styles,As It Was,2022-05-12,0
Harry Styles,As It Was,2022-09-15,0
Headie One,Cry No More (feat. Stormzy & Tay Keith),2024-05-16,0
Highlife Soes,Night And Day,2022-09-15,0
Hitboy Kellz,Jegede,2022-07-21,0
Hitboy Kellz,Lowkey,2022-09-15,0
Hitboy Kellz,Pinafore,2022-07-14,0
Hitboy Kellz,Superman,2022-07-14,0
Hotkid,My Way,2024-05-16,0
Hyce,Vanilla (Sped Up),2023-02-02,0
Ice Prince,Shakara,2022-02-17,0
Ice Spice,Munch (Feelin U),2022-09-22,0
Ice Spice,Princess Diana (with Nicki Minaj),2023-04-27,0
Id Cabasa,Olufunmi Reimagined,2024-05-30,0
Idahams,Bad Girl,2022-08-25,0
Imagine Dragons,Enemy (with JID) - from the series Arcane League of Legends,2022-02-17,0
Iniko,Jericho,2023-04-27,0
Internet Money,I Remember (feat. Roddy Ricch & Kodak Black),2023-03-30,0
Internet Money,"Lemonade (feat. Gunna, Don Toliver & NAV)",2022-02-17,0
Iyanya,Call (feat. Ayra Starr),2022-03-17,0
Iyanya,Like,2022-07-21,0
Iyanya,Like (feat. Kizz Daniel),2022-07-28,0
Iyanya,Like (feat. Kizz Daniel),2022-09-08,0
Iyanya,One Side,2022-10-20,0
Iyanya,One Side - Remix,2023-02-23,0
Iyanya,Sinner,2023-05-11,0
J Hus,It's Crazy,2023-06-08,0
JAE5,Dimension (feat. Skepta & Rema),2022-02-17,0
JAE5,Dimension (feat. Skepta & Rema),2022-03-03,0
JAE5,I Wish (feat. Libianca),2023-06-08,0
JAE5,Propeller (feat. Dave & BNXN),2022-07-28,0
JIN,The Astronaut,2022-11-03,0
JZyNo,Butta My Bread,2023-06-08,0
Jack Harlow,Churchill Downs (feat. Drake),2022-05-12,0
Jack Harlow,Churchill Downs (feat. Drake),2022-06-30,0
Jack Harlow,Dua Lipa,2022-05-12,0
Jack Harlow,First Class,2022-04-14,0
Jack Harlow,Nail Tech,2022-02-24,0
Jaido P,One Of A Kind,2023-03-23,0
JayO,22,2023-03-02,0
JayO,22,2023-03-30,0
Jaymes Young,Infinity,2022-02-17,0
Jaywillz,Medicine,2022-02-17,0
Jeriq,My Bro,2023-02-02,0
Jimin,Like Crazy,2023-03-30,0
Jimin,Set Me Free Pt.2,2023-03-23,0
Jnr Choi,TO THE MOON,2022-02-17,0
Joeboy,Adenuga (feat. Qing Madi),2024-05-16,0
Joeboy,Adenuga (feat. Qing Madi),2024-05-30,0
Joeboy,Body & Soul,2023-01-26,0
Joeboy,Body & Soul,2023-03-02,0
Joeboy,Body & Soul,2023-03-09,0
Joeboy,Contour,2022-08-25,0
Joeboy,Contour,2022-10-13,0
Joeboy,Contour,2023-02-16,0
Joeboy,Cubana,2022-04-07,0
Joeboy,Door,2022-02-17,0
Joeboy,Duffel Bag,2023-04-13,0
Joeboy,Likkle Riddim,2022-10-13,0
Joeboy,Normally,2023-06-08,0
Joeboy,Osadebe,2024-05-16,0
Joeboy,Sip (Alcohol),2022-02-17,0
Joeboy,Sip (Alcohol),2022-08-18,0
Joeboy,Spiritual Gbedu - A COLORS SHOW,2022-07-21,0
Johnny Drille,Believe Me,2023-04-13,0
Johnny Drille,Home,2022-11-03,0
Johnny Drille,How Are You (My Friend),2022-10-20,0
Joji,Glimpse of Us,2022-06-23,0
Jordan Adetunji,KEHLANI,2024-06-20,0
Juice WRLD,All Girls Are The Same,2023-02-09,0
Juice WRLD,Face 2 Face,2022-12-22,0
Juice WRLD,In My Head,2022-11-03,0
Juice WRLD,Lucid Dreams,2023-01-19,0
Juice WRLD,Lucid Dreams,2023-03-16,0
Juice WRLD,The Light,2023-03-30,0
Jung Kook,Stay Alive (Prod. SUGA of BTS),2022-02-17,0
Justin Bieber,Ghost,2022-02-17,0
Justin Bieber,Honest (feat. Don Toliver),2022-05-05,0
Justin Bieber,Loved By You (feat. Burna Boy),2022-07-07,0
Justin Bieber,Peaches (feat. Daniel Caesar & Giveon),2022-02-17,0
Jux,Nice (Kiss),2022-08-25,0
K.O,SETE (feat. Young Stunna & Blxckie),2022-09-15,0
KAESTYLE,Egberi,2024-05-23,0
KAESTYLE,My Dealer,2024-05-23,0
KCee,Ojapiano,2023-06-08,0
KTIZO,Jolene,2022-09-15,0
Kabza De Small,Ubumnandi (feat. Nia Pearl & MDU a.k.a TRP),2022-06-23,0
Kanye West,True Love,2022-06-02,0
Kate Bush,Running Up That Hill (A Deal With God),2022-06-09,0
Kay Flock,"Shake It (feat. Cardi B, Dougie B & Bory300)",2022-04-21,0
Kayode,Live Forever,2022-02-17,0
Kelvyn Boy,Down Flat,2022-03-03,0
Kendrick Lamar,Auntie Diaries,2022-05-19,0
Kendrick Lamar,Count Me Out,2022-05-19,0
Kendrick Lamar,Crown,2022-05-19,0
Kendrick Lamar,Die Hard,2022-05-19,0
Kendrick Lamar,Father Time (feat. Sampha),2022-05-19,0
Kendrick Lamar,Mirror,2022-05-19,0
Kendrick Lamar,Mother I Sober (feat. Beth Gibbons of Portishead),2022-05-19,0
Kendrick Lamar,Mr. Morale,2022-05-19,0
Kendrick Lamar,N95,2022-05-19,0
Kendrick Lamar,Not Like Us,2024-05-16,0
Kendrick Lamar,Not Like Us,2024-05-23,0
Kendrick Lamar,Purple Hearts,2022-05-19,0
Kendrick Lamar,Rich - Interlude,2022-05-19,0
Kendrick Lamar,Rich Spirit,2022-05-19,0
Kendrick Lamar,Savior,2022-05-19,0
Kendrick Lamar,Savior - Interlude,2022-05-19,0
Kendrick Lamar,Silent Hill,2022-05-19,0
Kendrick Lamar,The Heart Part 5,2022-05-12,0
Kendrick Lamar,United In Grief,2022-05-19,0
Kendrick Lamar,We Cry Together,2022-05-19,0
Kendrick Lamar,Worldwide Steppers,2022-05-19,0
Kendrick Lamar,euphoria,2024-05-16,0
Khaid,Amala,2022-11-17,0
Khaid,Carry Me Go,2023-03-16,0
Khaid,Carry Me Go,2023-04-27,0
Khaid,FIRE,2022-06-02,0
Khaid,Jolie,2023-01-26,0
Khaid,Jolie,2023-03-09,0
Khaid,Jolie,2023-03-23,0
Khaid,Run Away (OMALICHA),2024-05-16,0
Khaid,SKI,2022-04-28,0
Khaid,WITH YOU,2022-02-17,0
Khaid,WITH YOU,2022-04-14,0
Khaid,WITH YOU,2022-04-28,0
Khalid,Last Call,2022-03-10,0
KiDi,Touch It - Remix,2022-02-24,0
KiddBlack,Assignment,2022-04-07,0
King Perryy,Go German,2022-04-14,0
King Perryy,Tight Condition,2023-02-16,0
King Promise,10 Toes (feat. Omah Lay),2022-07-28,0
King Promise,Continental (feat. Shallipopi),2024-06-20,0
Kizz Daniel,Addict,2022-02-17,0
Kizz Daniel,Boys Are Bad,2022-03-17,0
Kizz Daniel,Buga (Lo Lo Lo),2022-05-05,0
Kizz Daniel,Buga (Lo Lo Lo),2022-06-09,0
Kizz Daniel,Buga (Lo Lo Lo),2022-06-16,0
Kizz Daniel,Buga (Lo Lo Lo),2022-07-07,0
Kizz Daniel,Buga (Lo Lo Lo),2022-11-17,0
Kizz Daniel,Buga (Lo Lo Lo),2023-01-05,0
Kizz Daniel,Cough (Odo),2022-10-20,0
Kizz Daniel,Cough (Odo),2022-12-29,0
Kizz Daniel,Cough (Odo),2023-01-05,0
Kizz Daniel,Double,2024-06-20,0
Kizz Daniel,Eh God (Barnabas),2022-02-17,0
Kizz Daniel,Eh God (Barnabas),2022-05-12,0
Kizz Daniel,Eh God (Barnabas),2022-08-18,0
Kizz Daniel,Lie,2022-02-17,0
Kizz Daniel,My G,2024-05-16,0
Kizz Daniel,Oshe (feat. The Cavemen.),2022-02-17,0
Kizz Daniel,Pour Me Water,2022-02-17,0
Kizz Daniel,Pour Me Water,2022-03-24,0
Kizz Daniel,Pour Me Water,2022-04-28,0
Kizz Daniel,Pour Me Water,2024-06-20,0
Kizz Daniel,RTID (Rich Till I Die),2023-01-12,0
Kizz Daniel,RTID (Rich Till I Die),2023-01-26,0
Kizz Daniel,RTID (Rich Till I Die),2023-03-30,0
Kizz Daniel,Showa,2024-05-16,0
Kizz Daniel,Shu-Peru,2023-06-08,0
Kizz Daniel,Sooner,2024-05-16,0
Kizz Daniel,Sooner,2024-05-30,0
Kizz Daniel,Too Busy To Be Bae,2024-05-16,0
Kizz Daniel,Twe Twe,2024-05-16,0
Kodak Black,No Love For A Thug,2023-04-27,0
Kodak Black,Super Gremlin,2022-02-17,0
Koffee,Defend,2022-03-31,0
Koffee,Gifted,2022-03-31,0
Koffee,Lockdown,2022-03-31,0
Koffee,Lonely,2022-03-31,0
Koffee,Pull Up,2022-03-31,0
Koffee,Run Away,2022-03-31,0
Koffee,Shine,2022-03-31,0
Koffee,West Indies,2022-03-31,0
Koffee,Where I'm From,2022-03-31,0
Koffee,x10,2022-03-31,0
Kofi,On Me,2022-10-27,0
Kwesi Arthur,Toxic,2022-04-28,0
L.A.X,Faster,2022-02-17,0
L.A.X,Go Low,2022-02-17,0
L.A.X,Go Low,2022-03-24,0
L.A.X,Options,2022-02-17,0
L.A.X,Para,2022-08-18,0
L.A.X,Rora,2023-02-02,0
L.A.X,Sempe,2022-02-17,0
L.A.X,Waist Drop,2022-05-26,0
LADIPOE,Big Energy,2022-06-16,0
LADIPOE,Big Energy,2022-08-04,0
LADIPOE,Feeling,2022-02-17,0
LADIPOE,Feeling,2022-03-17,0
LADIPOE,Feeling,2022-04-07,0
LADIPOE,Feeling,2022-04-28,0
LADIPOE,Feeling,2022-08-04,0
LADIPOE,Running,2022-02-17,0
LADIPOE,Running,2022-02-24,0
LADIPOE,Running,2022-04-14,0
LADIPOE,Running,2022-04-28,0
LAYCON,2000,2022-05-26,0
LAYCON,New Dimension,2022-03-03,0
Labrinth,Im Tired (with Zendaya) - Bonus Track,2022-03-10,0
Lad,Adulthood Anthem,2022-06-09,0
Laime,Where Dem Dey,2023-05-11,0
Larry Gaaga,Devil Wears White,2024-05-23,0
Larry Gaaga,"Egedege (feat. Theresa Onuorah, Flavour & Phyno)",2022-02-17,0
Lasmid,Puul,2024-05-23,0
Lewis Capaldi,Someone You Loved,2024-05-16,0
Lexsil,Bounce,2022-05-26,0
Libianca,People,2022-12-22,0
Libianca,People (feat. Ayra Starr & Omah Lay),2023-03-09,0
Lil Baby,California Breeze,2022-10-20,0
Lil Baby,California Breeze,2023-01-26,0
Lil Baby,Detox,2022-09-08,0
Lil Baby,Drip Too Hard (Lil Baby & Gunna),2022-07-21,0
Lil Baby,Drip Too Hard (Lil Baby & Gunna),2022-09-08,0
Lil Baby,Drip Too Hard (Lil Baby & Gunna),2023-03-23,0
Lil Baby,Forever (feat. Fridayy),2022-10-20,0
Lil Baby,Freestyle,2023-02-23,0
Lil Baby,From Now On (feat. Future),2022-10-20,0
Lil Baby,Frozen,2022-05-05,0
Lil Baby,Heyy,2022-10-20,0
Lil Baby,In A Minute,2022-04-14,0
Lil Baby,Never Hating (feat. Young Thug),2022-10-20,0
Lil Baby,Not Finished,2022-10-20,0
Lil Baby,Perfect Timing,2022-10-20,0
Lil Baby,Pop Out (feat. Nardo Wick),2022-10-20,0
Lil Baby,Real Spill,2022-10-20,0
Lil Baby,Right On,2022-04-14,0
Lil Baby,Stand On It,2022-10-20,0
Lil Baby,Waterfall Flow,2022-10-20,0
Lil Durk,AHHH HA,2022-03-03,0
Lil Durk,All My Life (feat. J. Cole),2023-06-08,0
Lil Durk,Barbarian,2022-03-17,0
Lil Durk,Blocklist,2022-03-17,0
Lil Durk,Broadway Girls (feat. Morgan Wallen),2022-03-17,0
Lil Durk,Difference Is (feat. Summer Walker),2022-03-17,0
Lil Durk,Federal Nightmares,2022-03-17,0
Lil Durk,Golden Child,2022-03-17,0
Lil Durk,Grow Up/Keep It On Speaker,2022-03-17,0
Lil Durk,Headtaps,2022-03-17,0
Lil Durk,No Interviews,2022-03-17,0
Lil Durk,Pelle Coat,2023-06-08,0
Lil Durk,Petty Too (feat. Future),2022-03-17,0
Lil Durk,Shootout @ My Crib,2022-03-17,0
Lil Durk,Smoking & Thinking,2022-03-17,0
Lil Durk,Started From,2022-03-17,0
Lil Durk,What Happened To Virgil (feat. Gunna),2022-03-17,0
Lil Frosh,Like Dat,2022-02-24,0
Lil Frosh,Waloda,2024-06-20,0
Lil Kesh,Don't Call Me (feat. Zinoleesky),2022-02-17,0
Lil Kesh,Good Bad Boy,2023-03-30,0
Lil Kesh,Vanilla Bottega,2022-06-09,0
Lil Kesh,Vanilla Bottega (feat. Joeboy),2022-05-26,0
Lil Nas X,INDUSTRY BABY (feat. Jack Harlow),2022-02-17,0
Lil Nas X,INDUSTRY BABY (feat. Jack Harlow),2022-04-21,0
Lil Nas X,INDUSTRY BABY (feat. Jack Harlow),2022-05-12,0
Lil Nas X,INDUSTRY BABY (feat. Jack Harlow),2022-06-09,0
Lil Nas X,Late To Da Party (F*CK BET) (feat. YoungBoy Never Broke Again),2022-06-30,0
Lil Nas X,STAR WALKIN' (League of Legends Worlds Anthem),2022-09-29,0
Lil Nas X,THATS WHAT I WANT,2022-02-17,0
Lil Tjay,Beat the Odds,2022-09-01,0
Lil Tjay,In My Head,2022-04-07,0
Lil Uzi Vert,Just Wanna Rock,2022-12-22,0
Lil Yachty,Poland,2022-10-13,0
Lil Yachty,Strike (Holster),2023-04-13,0
Limoblaze,Jireh (My Provider),2022-09-15,0
Lithe,Fall Back,2024-05-16,0
Llona,Another Day,2024-05-16,0
Llona,Cold War,2024-06-20,0
Lojay,AVAILABU,2023-03-09,0
Lojay,CANADA,2023-03-09,0
Lojay,IYD,2023-03-09,0
Lojay,LEADER!,2022-09-22,0
Lojay,LV N ATTN feat. Wizkid,2022-02-17,0
Lojay,MOTO,2023-02-09,0
Lojay,MOTO,2023-04-13,0
Lojay,Monalisa,2022-02-17,0
Lojay,Monalisa,2022-04-21,0
Lojay,OVA,2023-03-09,0
Lojay,YAHWEH,2023-03-09,0
M Huncho,Pray 2 The East (ft. BNXN fka Buju),2022-05-26,0
M.I. Abaga,Bigger (feat. Olamide & Nas),2022-08-25,0
M.I. Abaga,Crazy (feat. Ossi Grace),2022-08-25,0
M.I. Abaga,Daddy (feat. Chillz),2022-08-25,0
M.I. Abaga,More Life (feat. Ice Prince & Jesse Jagz),2022-08-25,0
M.I. Abaga,Oil (feat. BNXN fka Buju),2022-08-25,0
M.I. Abaga,Soft Life Tony (feat. Lord Vino),2022-08-25,0
M.I. Abaga,Soldier (feat. Tomi Ow),2022-08-25,0
M.I. Abaga,The Front Door (feat. Duncan Mighty),2022-08-25,0
M.I. Abaga,The Guy,2022-07-28,0
M.I. Abaga,The Hate,2022-08-25,0
M.I. Abaga,The Inside (feat. Phyno & The Cavemen.),2022-08-25,0
M.I. Abaga,The Love Song (feat. Wande Coal),2022-08-25,0
M.I. Abaga,The Love Song (feat. Wande Coal),2022-10-13,0
Madonna,Frozen - Fireboy DML Remix,2022-03-10,0
Magixx,All Over,2022-07-28,0
Magixx,All Over,2022-09-01,0
Magixx,Chocolate,2022-03-10,0
Magixx,Colors (My Baby),2023-03-30,0
Magixx,Love Don't Cost A Dime,2022-02-17,0
Magixx,Love Don't Cost A Dime,2022-03-03,0
Magixx,Love Don't Cost A Dime (Re-Up),2022-02-17,0
Magixx,Love Don't Cost A Dime (Re-Up),2022-04-14,0
Magixx,Love Don't Cost A Dime (Re-Up),2022-06-09,0
Magixx,Loyal,2023-03-30,0
Magixx,Okay,2024-05-16,0
Magixx,Shaye,2022-07-28,0
Magixx,Shaye,2022-10-27,0
Magixx,Vibration,2024-05-23,0
Magnito,Who U,2022-05-19,0
Majeeed,Gbese,2023-03-02,0
Majeeed,Yawa No Dey End,2022-05-05,0
Marshmello,Bye Bye,2022-10-20,0
Marvel,Amber Rose,2022-12-22,0
Masterkraft,Hallelu,2022-02-17,0
Maverick City Music,Firm Foundation (He Won't),2023-04-06,0
Mavins,Alle,2022-12-22,0
Mavins,Amina,2022-12-22,0
Mavins,Overloading (OVERDOSE),2022-05-19,0
Mavins,Overloading (OVERDOSE),2022-06-09,0
Mavins,Overloading (OVERDOSE),2022-06-16,0
Mavins,Overloading (OVERDOSE),2022-11-03,0
Mavins,Overloading (OVERDOSE),2022-11-10,0
Mavins,Overloading (OVERDOSE),2023-01-05,0
Mavins,Overloading (OVERDOSE),2023-02-23,0
Mavins,Won Da Mo,2022-11-10,0
Mayorkun,Certified Loner (No Competition),2022-06-23,0
Mayorkun,Certified Loner (No Competition),2022-10-13,0
Mayorkun,For Daddy,2023-05-11,0
Mayorkun,Holy Father,2022-02-17,0
Mayorkun,Holy Father,2022-05-12,0
Mayorkun,Holy Father,2022-05-26,0
Mdu a.k.a TRP,Boomerang,2024-05-23,0
Meeza,Gbona,2023-06-08,0
Megan Thee Stallion,Sweetest Pie,2022-03-17,0
Metro Boomin,"All The Way Live (Spider-Man: Across the Spider-Verse) (Metro Boomin & Future, Lil Uzi Vert)",2023-06-08,0
Metro Boomin,"Am I Dreaming (Metro Boomin & A$AP Rocky, Roisee)",2023-06-08,0
Metro Boomin,"Annihilate (Spider-Man: Across the Spider-Verse) (Metro Boomin & Swae Lee, Lil Wayne, Offset)",2023-06-08,0
Metro Boomin,"Calling (Spider-Man: Across the Spider-Verse) (Metro Boomin & Swae Lee, NAV, feat. A Boogie Wit da Hoodie)",2023-06-08,0
Metro Boomin,Creepin' (with The Weeknd & 21 Savage),2022-12-22,0
Metro Boomin,"Home (Metro Boomin & Don Toliver, Lil Uzi Vert)",2023-06-08,0
Metro Boomin,Hummingbird (Metro Boomin & James Blake),2023-06-08,0
Metro Boomin,"Link Up (Metro Boomin & Don Toliver, Wizkid feat. BEAM & Toian) - Spider-Verse Remix (Spider-Man: Across the Spider-Verse )",2023-06-08,0
Metro Boomin,Niagara Falls (Foot or 2) [with Travis Scott & 21 Savage],2022-12-22,0
Metro Boomin,"Nonviolent Communication (Metro Boomin & James Blake, A$AP Rocky, 21 Savage)",2023-06-08,0
Metro Boomin,Self Love (Spider-Man: Across the Spider-Verse) (Metro Boomin & Coi Leray),2023-06-08,0
Metro Boomin,Superhero (Heroes & Villains) [with Future & Chris Brown],2022-12-22,0
Metro Boomin,Too Many Nights (feat. Don Toliver & with Future),2022-12-22,0
Metro Boomin,Too Many Nights (feat. Don Toliver & with Future),2023-01-19,0
Metro Boomin,Trance (with Travis Scott & Young Thug),2023-03-16,0
Miley Cyrus,Flowers,2023-01-26,0
Minz,WO WO,2023-01-26,0
Minz,WO WO (Remix),2023-01-26,0
Minz,wap,2024-05-23,0
Mohbad,Ask About Me,2023-04-27,0
Mohbad,Ask About Me,2024-06-20,0
Mohbad,Backside,2022-02-17,0
Mohbad,Backside,2022-03-10,0
Mohbad,Backside,2022-08-11,0
Mohbad,Backside,2022-09-22,0
Mohbad,Feel Good,2022-02-17,0
Mohbad,Feel Good,2022-06-23,0
Mohbad,Feel Good,2022-09-15,0
Mohbad,Feel Good,2024-05-30,0
Mohbad,Peace,2022-09-08,0
Mohbad,Peace,2022-12-29,0
Mohbad,Peace,2023-02-09,0
Mohbad,Ronaldo,2022-06-02,0
Monaky,The Suitor,2023-01-19,0
Moses Bliss,Miracle No Dey Tire Jesus,2023-01-19,0
Mr Eazi,Legalize,2022-06-16,0
Mr Eazi,Patek,2022-09-29,0
Mr Eazi,Personal Baby,2022-08-11,0
Mr Eazi,Werser,2023-02-02,0
Mr.Tee,DIGI III TRAILER,2024-05-16,0
Muni Long,Hrs & Hrs,2022-02-17,0
Mustard,Ballin' (with Roddy Ricch),2023-02-09,0
Mut4y,Be My Luv,2022-07-14,0
Muyeez,Barnabas,2024-05-23,0
Muyeez,Instagram,2024-05-16,0
Muyeez,Instagram,2024-06-20,0
Muyeez,Muyeez,2024-05-23,0
Muyeez,Trending,2024-06-20,0
NATIVE Sound System,Runaway,2022-04-14,0
NATIVE Sound System,Vex,2023-03-09,0
NAV,Never Sleep (with Lil Baby feat. Travis Scott),2022-08-04,0
NF,CAREFUL,2023-04-13,0
NF,GONE,2023-04-13,0
NF,HAPPY,2023-04-13,0
NF,HOPE,2023-02-23,0
NF,MAMA,2023-04-13,0
NF,MOTTO,2023-03-16,0
NF,PANDEMONIUM,2023-04-13,0
NSG,"Daily Duppy, Part 1",2022-10-13,0
NSG,Nyash (Current & Savings),2022-10-20,0
NSG,Roadblock,2022-05-12,0
Naira Marley,Ayewada,2022-06-02,0
Naira Marley,Body,2023-06-08,0
Naira Marley,Coming,2022-02-17,0
Naira Marley,Drink Alcohol Like Its Water,2022-06-09,0
Naira Marley,Giddem,2024-06-27,0
Naira Marley,Happy,2022-06-02,0
Naira Marley,Jo Dada,2022-06-02,0
Naira Marley,Montego Bay,2022-06-02,0
Naira Marley,Vawulence,2022-12-22,0
Naira Marley,o'dun,2022-05-12,0
Nasboi,Small Money,2024-05-16,0
Nasboi,Small Money,2024-05-30,0
Nasty C,Stalling,2022-02-17,0
Nathaniel Bassey,TOBECHUKWU,2023-03-16,0
Nathaniel Bassey,Tobechukwu,2023-03-02,0
Nathaniel Bassey,Tobechukwu - Live,2023-02-23,0
Nerryckole,Shine,2024-05-16,0
Nicki Minaj,Bussin,2022-02-17,0
Nicki Minaj,Do We Have A Problem?,2022-02-17,0
Nicki Minaj,Red Ruby Da Sleeze,2023-03-09,0
Nicki Minaj,Super Freaky Girl,2022-08-18,0
Niniola,Want,2022-06-09,0
Niphkeys,Alright,2024-06-20,0
Niphkeys,Blessings,2022-02-17,0
Niphkeys,Man Of The Year,2022-03-17,0
Nissi,Gravity (feat. Major League Djz),2022-06-02,0
Nonso Amadi,Different (With Majid Jordan),2022-06-02,0
Nonso Amadi,Lock Up,2023-03-30,0
ODUMODUBLVCK,100 MILLION (feat. Tiwa Savage),2024-05-16,0
ODUMODUBLVCK,BLOOD ON THE DANCE FLOOR (feat. Bloody Civilian and Wale),2024-05-16,0
ODUMODUBLVCK,COMMEND,2024-05-16,0
ODUMODUBLVCK,COMMEND,2024-05-23,0
ODUMODUBLVCK,DECLAN RICE,2023-03-30,0
ODUMODUBLVCK,DECLAN RICE,2023-04-27,0
ODUMODUBLVCK,DOG EAT DOG II (feat. Cruel Santino and Bella Shmurda),2024-05-16,0
ODUMODUBLVCK,"DOG EAT DOG II (feat. Cruel Santino, Bella Shmurda)",2023-06-08,0
ODUMODUBLVCK,Dog Eat Dog,2023-02-23,0
ODUMODUBLVCK,Domitila,2023-03-30,0
ODUMODUBLVCK,Gutter Man,2023-03-30,0
ODUMODUBLVCK,KUBOLOR (feat. Amaarae),2024-05-16,0
ODUMODUBLVCK,PICANTO,2023-02-23,0
ODUMODUBLVCK,PICANTO,2023-03-09,0
ODUMODUBLVCK,PICANTO,2023-04-13,0
ODUMODUBLVCK,PICANTO (feat. Zlatan and ECko Miles),2024-05-16,0
ODUMODUBLVCK,TECHNICIAN (feat. Blaqbonez & Lekaa Beats),2024-05-16,0
ODUMODUBLVCK,WOTOWOTO SEASONING (feat. Black Sherif),2024-05-16,0
Odumodublvck,Dog Eat Dog,2023-01-12,0
Odumodublvck,Picanto,2022-12-22,0
Offset,Danger (Spider) (Offset & JID),2023-06-08,0
Olakira,Fall,2022-02-24,0
Olamide,Hate Me,2022-02-24,0
Olamide,Hate Me,2022-03-24,0
Olamide,Hate Me,2022-07-28,0
Olamide,Hello Habibi,2024-06-27,0
Olamide,Infinity (feat. Omah Lay),2022-02-17,0
Olamide,Infinity (feat. Omah Lay),2022-05-12,0
Olamide,Jinja,2024-05-16,0
Olamide,Knockout (feat. SABRI),2024-06-27,0
Olamide,Loading (feat. Bad Boy Timz),2022-02-17,0
Olamide,Makaveli,2024-06-27,0
Olamide,Metaverse,2024-06-27,0
Olamide,Morowore,2024-06-27,0
Olamide,New Religion,2023-06-08,0
Olamide,Rock,2022-02-17,0
Olamide,Rock,2022-03-24,0
Olamide,Rock,2022-04-21,0
Olamide,Rock,2022-06-02,0
Olamide,Rock,2022-10-13,0
Olamide,"Synchro System (feat. Pheelz, Young Jonn & Lil Kesh)",2024-06-27,0
Olamide,Triumphant (feat. Bella Shmurda),2022-02-17,0
Olamide,Trumpet,2023-04-27,0
Olamide,Uptown Disco,2024-06-27,0
Olamide,Want (feat. Fave),2022-08-25,0
Olamide,We Outside,2022-09-01,0
Olivetheboy,Asylum,2024-05-16,0
Olivetheboy,GoodSin,2023-06-08,0
Olivetheboy,Goodsin Speed Up,2023-06-08,0
Ollie Flows,Trabaye,2022-05-12,0
Omah Lay,Attention,2022-03-10,0
Omah Lay,Godly,2022-02-24,0
Omah Lay,Holy Ghost,2024-05-16,0
Omah Lay,Understand,2022-02-17,0
Omah Lay,Understand,2022-06-02,0
Omah Lay,Woman,2022-05-26,0
Omah Lay,Woman,2022-06-02,0
Omah Lay,attention,2022-07-14,0
Omah Lay,bend you,2022-07-21,0
Omah Lay,bend you,2022-12-29,0
Omah Lay,bend you,2023-02-16,0
Omah Lay,how to luv,2022-07-21,0
Omah Lay,i,2022-07-21,0
Omah Lay,im a mess,2022-07-21,0
Omah Lay,im a mess,2023-01-19,0
Omah Lay,im a mess,2023-02-02,0
Omah Lay,im a mess,2023-03-16,0
Omah Lay,never forget,2022-07-21,0
Omah Lay,purple song,2022-07-21,0
Omah Lay,reason,2024-05-16,0
Omah Lay,recognize,2022-07-21,0
Omah Lay,safe haven,2022-07-21,0
Omah Lay,soso,2022-07-21,0
Omah Lay,soso,2022-09-22,0
Omah Lay,soso,2023-01-26,0
Omah Lay,soso,2023-02-09,0
Omah Lay,soso,2023-02-16,0
Omah Lay,soso,2023-03-16,0
Omah Lay,tell everybody,2022-07-21,0
Omah Lay,temptations,2022-07-21,0
Omah Lay,understand,2022-07-14,0
Omah Lay,understand,2022-10-27,0
Omah Lay,understand,2023-03-30,0
Omah Lay,woman,2022-07-14,0
Omah Lay,woman,2022-10-13,0
Omah Lay,woman,2022-10-27,0
Oxlade,ARABAMBI,2024-06-20,0
Oxlade,Bad Boy (feat. Mayorkun),2022-12-22,0
Oxlade,KU LO SA - A COLORS SHOW,2022-06-16,0
Oxlade,KU LO SA - A COLORS SHOW,2022-08-04,0
Oxlade,KU LO SA - A COLORS SHOW,2022-08-11,0
Oxlade,KU LO SA - A COLORS SHOW,2022-08-18,0
Oxlade,KU LO SA - A COLORS SHOW,2022-09-01,0
Oxlade,KU LO SA - A COLORS SHOW,2023-01-19,0
Oxlade,OVAMI,2023-06-08,0
Oxlade,Want You,2022-03-24,0
Oxlade,Want You,2022-04-07,0
P-Square,Jaiye (Ihe Geme),2022-07-28,0
Patoranking,Abobi,2023-02-23,0
Patoranking,Babylon,2024-05-16,0
Patoranking,Kolo Kolo,2022-09-15,0
Pcee,"Kilimanjaro (feat. Justin99, Mema_Percent & Mr JazziQ)",2023-03-23,0
Peruzzi,Hypertension,2022-08-18,0
Peruzzi,Hypertension,2023-02-16,0
Peruzzi,Pressure,2023-03-16,0
Peruzzi,Southy Love,2022-02-17,0
Peruzzi,Southy Love,2022-06-30,0
Peruzzi,Southy Love,2022-07-07,0
Peruzzi,Southy Love,2022-09-08,0
Peruzzi,Things I Need,2022-08-18,0
Pharrell Williams,Cash In Cash Out,2022-06-16,0
Pheelz,Electricity,2022-08-25,0
Pheelz,Electricity,2022-09-01,0
Pheelz,Electricity,2022-10-20,0
Pheelz,Electricity,2022-11-10,0
Pheelz,Electricity,2023-03-09,0
Pheelz,Electricity,2023-03-30,0
Pheelz,Finesse,2022-03-03,0
Pheelz,Finesse,2022-03-17,0
Pheelz,Finesse,2022-03-24,0
Pheelz,Finesse,2022-03-31,0
Pheelz,Finesse,2022-04-14,0
Pheelz,Finesse,2022-04-21,0
Pheelz,Finesse,2022-05-05,0
Pheelz,Finesse,2022-08-04,0
Pheelz,Finesse,2022-11-03,0
Pheelz,Finesse,2023-05-11,0
Pheelz,JELO,2024-05-16,0
Pheelz,Pheelz Like Summer,2023-02-16,0
Pheelz,Stand By You,2023-02-02,0
Pheelz,YOLO,2023-06-08,0
Phyno,Do I - Remix,2024-05-16,0
Phyno,Full Current (That's My Baby),2022-08-04,0
Phyno,Ojemba,2023-02-02,0
PinkPantheress,Boy's a liar Pt. 2,2023-02-16,0
Poco Lee,Otilo (Izz Gone),2022-10-06,0
Poco Lee,Otilo (Izz Gone),2023-01-19,0
Poco Lee,Otilo (Izz Gone),2023-02-23,0
Poco Lee,"YARD (feat. Black Sherif, Bella Shmurda & Alpha P)",2022-03-03,0
Poco Lee,ZaZoo Zehh,2022-02-17,0
Polo G,Distraction,2022-06-09,0
Polo G,Martin & Gina,2024-06-20,0
Polo G,No Time Wasted (feat. Future),2023-02-23,0
Polo G,RAPSTAR,2022-02-24,0
Pop Smoke,Dior,2022-02-24,0
Popcaan,Aboboyaa (feat. Burna Boy),2023-02-02,0
Popcaan,Celebrate (feat. Black Sherif),2023-04-06,0
Popcaan,We Caa Done (feat. Drake),2023-01-12,0
Portable,Azaman,2022-09-29,0
Post Malone,Cooped Up (with Roddy Ricch),2022-05-19,0
Post Malone,Cooped Up (with Roddy Ricch),2022-08-18,0
Post Malone,Euthanasia,2022-06-09,0
Post Malone,I Cannot Be (A Sadder Song) (with Gunna),2022-06-09,0
Post Malone,I Like You (A Happier Song) (with Doja Cat),2022-06-09,0
Post Malone,I Like You (A Happier Song) (with Doja Cat),2022-09-22,0
Post Malone,Insane,2022-06-09,0
Post Malone,Lemon Tree,2022-06-09,0
Post Malone,Love/Hate Letter To Alcohol (with Fleet Foxes),2022-06-09,0
Post Malone,"New Recording 12, Jan 3, 2020",2022-06-09,0
Post Malone,One Right Now (with The Weeknd),2022-02-17,0
Post Malone,Reputation,2022-06-09,0
Post Malone,Waiting For A Miracle,2022-06-09,0
Post Malone,Wasting Angels (with The Kid LAROI),2022-06-09,0
Post Malone,When Im Alone,2022-06-09,0
Post Malone,Wrapped Around Your Finger,2022-06-09,0
Prettyboy D-O,Korokoro,2023-04-27,0
Prime D Vibe,Jaiye,2023-04-06,0
Prinx Emmanuel,Kumama Papa - Tiktok refix version,2022-03-17,0
PsychoYP,Bando Diaries,2022-06-16,0
PsychoYP,Stronger,2022-11-03,0
Pusha T,Neck & Wrist (feat. JAY-Z & Pharrell Williams),2022-04-28,0
Pusha T,Scrape It Off (feat. Lil Uzi Vert & Don Toliver),2022-04-28,0
Qing Madi,American Love,2024-05-16,0
Qing Madi,Ole (feat. BNXN),2024-05-16,0
Qing Madi,Vision,2024-05-16,0
Qing Madi,Vision Remix (feat. Chle),2024-05-16,0
Quavo,Greatness,2023-03-02,0
Quavo,Greatness,2023-03-16,0
Quavo,HOTEL LOBBY (Unc & Phew),2022-05-26,0
Reekado Banks,Ozumba Mbadiwe,2022-02-17,0
Reekado Banks,Ozumba Mbadiwe,2022-04-14,0
Reekado Banks,Ozumba Mbadiwe,2022-09-29,0
Reekado Banks,Ozumba Mbadiwe - Remix,2022-02-17,0
Rema,Addicted,2022-03-31,0
Rema,Are You There?,2022-03-31,0
Rema,Are You There?,2022-06-16,0
Rema,Are You There?,2022-07-07,0
Rema,BENIN BOYS,2024-06-27,0
Rema,Bounce,2022-02-17,0
Rema,Calm Down,2022-02-17,0
Rema,Calm Down,2022-02-24,0
Rema,Calm Down,2022-03-03,0
Rema,Calm Down,2022-03-17,0
Rema,Calm Down,2022-03-24,0
Rema,Calm Down,2022-04-14,0
Rema,Calm Down,2022-04-21,0
Rema,Calm Down,2022-06-16,0
Rema,Calm Down,2022-09-22,0
Rema,Calm Down,2022-10-06,0
Rema,Calm Down,2022-10-27,0
Rema,Calm Down,2023-03-02,0
Rema,Calm Down (with Selena Gomez),2022-09-01,0
Rema,Carry,2022-03-31,0
Rema,Carry,2022-04-21,0
Rema,Charm,2023-05-11,0
Rema,DND,2024-05-16,0
Rema,Dirty,2022-03-31,0
Rema,Divine,2022-03-31,0
Rema,Dunno Me (Freestyle),2023-05-11,0
Rema,FYN,2022-03-17,0
Rema,FYN,2022-04-21,0
Rema,FYN,2022-06-09,0
Rema,HOV,2023-05-11,0
Rema,Hold Me,2022-03-31,0
Rema,Holiday,2023-02-23,0
Rema,Holiday,2023-03-02,0
Rema,Holiday,2023-03-09,0
Rema,Holiday,2023-03-16,0
Rema,Holiday,2023-04-27,0
Rema,Jo,2022-03-31,0
Rema,Love,2022-03-31,0
Rema,Mara,2022-03-31,0
Rema,Oroma Baby,2022-03-31,0
Rema,Reason You,2023-02-23,0
Rema,Runaway,2022-03-31,0
Rema,Soundgasm,2022-02-17,0
Rema,Soundgasm,2022-10-13,0
Rema,Time N Affection,2022-03-31,0
Rema,Wine,2022-03-31,0
Rema,Wine,2022-04-21,0
Reminisce,Hustle,2022-02-24,0
Reminisce,Shina Peters,2023-06-08,0
Rexx Life Raj,Beauty In The Madness,2022-03-17,0
Rexxie,Abracadabra,2022-10-13,0
Rexxie,Abracadabra,2023-02-02,0
Rexxie,Abracadabra,2023-03-09,0
Rexxie,Abracadabra - Remix,2023-02-16,0
Rexxie,Call My Phone,2023-03-09,0
Rexxie,Ego,2022-02-17,0
Rexxie,KPK (Remix),2022-02-17,0
Rexxie,NO MORE CONDITION,2022-12-22,0
Rihanna,Lift Me Up,2022-11-17,0
Rihanna,Lift Me Up - From Black Panther: Wakanda Forever - Music From and Inspired By,2022-11-03,0
Rihanna,Lift Me Up - Instrumental,2022-11-03,0
Robinson,Ayo Girl (Fayahh Beat) [feat. Rema],2022-03-24,0
Roddy Ricch,Aston Martin Truck,2022-10-27,0
Roddy Ricch,Real Talk,2022-06-30,0
Roddy Ricch,Stop Breathing,2022-10-06,0
Roddy Ricch,Survivors Remorse,2024-06-20,0
Roddy Ricch,The Box,2024-06-20,0
Ruger,Asiwaju,2022-11-17,0
Ruger,Asiwaju,2022-12-29,0
Ruger,Asiwaju,2023-01-05,0
Ruger,Asiwaju,2023-01-12,0
Ruger,Asiwaju,2023-01-26,0
Ruger,Asiwaju,2023-02-09,0
Ruger,Asiwaju,2023-02-16,0
Ruger,Asiwaju,2023-03-09,0
Ruger,Asiwaju,2023-03-23,0
Ruger,Bae Bae,2024-05-16,0
Ruger,Bounce,2022-02-17,0
Ruger,Bounce,2022-06-16,0
Ruger,Bounce,2022-09-22,0
Ruger,Calculate Love,2024-05-16,0
Ruger,Dior,2022-02-17,0
Ruger,Dior,2022-04-14,0
Ruger,Dior,2022-06-16,0
Ruger,Girlfriend,2022-06-23,0
Ruger,Girlfriend,2022-08-04,0
Ruger,Girlfriend,2022-11-03,0
Ruger,Girlfriend,2023-01-26,0
Ruger,Girlfriend,2023-02-02,0
Ruger,Girlfriend,2023-03-16,0
Ruger,Ilashe,2024-05-16,0
Ruger,Jonzing Boy,2023-06-08,0
Ruger,Luv Again,2024-06-20,0
Ruger,Make Way,2024-06-20,0
Ruger,Not Done,2024-05-16,0
Ruger,POE,2024-05-16,0
Ruger,POE,2024-05-30,0
Ruger,Party Monster,2024-05-16,0
Ruger,Red Flags,2022-11-17,0
Ruger,Red Flags,2023-03-23,0
Ruger,Romeo Must Die (RMD),2024-05-16,0
Ruger,Romeo Must Die (RMD),2024-05-23,0
Ruger,Snapchat,2022-02-17,0
Ruger,Snapchat,2022-03-10,0
Ruger,Snapchat,2022-11-17,0
Ruger,Snapchat,2023-01-05,0
Ruger,Warning,2022-06-23,0
Ruger,WeWe,2022-06-23,0
Ruger,WeWe,2023-01-26,0
Runtown,Dangerous Hearts,2022-12-22,0
Runtown,Fences,2022-12-22,0
Runtown,Hella Sacrifice,2022-12-22,0
Runtown,High Spirit,2022-12-22,0
Runtown,Kini Issue,2022-12-22,0
Runtown,Mad Over You,2023-04-06,0
Runtown,Mic Check,2022-12-22,0
Runtown,Propaganda,2022-12-22,0
Runtown,Signs,2022-12-22,0
Runtown,Sinnerman,2022-12-22,0
Runtown,Things I Know,2022-11-03,0
Runtown,Under Pressure,2022-12-22,0
Russ,Are You Entertained (feat. Ed Sheeran),2022-07-28,0
Ruth B.,Dandelions,2022-04-14,0
Ruth B.,Dandelions,2022-04-21,0
Ruth B.,Dandelions,2022-09-08,0
Ruth B.,Dandelions,2022-09-22,0
Rybeena,Id.Me,2024-05-16,0
Rybeena,Id.Me,2024-05-23,0
Rybeena,Wise 2.0,2024-05-30,0
S high,Hypnotize,2022-10-06,0
SPINALL,Bunda,2023-01-26,0
SPINALL,CLOUD 9,2022-02-17,0
SPINALL,PALAZZO,2022-05-19,0
SPINALL,PALAZZO,2022-06-02,0
SPINALL,PALAZZO,2022-06-09,0
SPINALL,PALAZZO,2022-06-16,0
SPINALL,PALAZZO,2022-07-07,0
SPINALL,PALAZZO,2022-12-29,0
SPINALL,Palazzo,2023-02-23,0
SPINALL,Sere,2022-02-17,0
SPINALL,TOP MAMA,2022-10-20,0
STANY,Only You,2022-10-20,0
SZA,Blind,2022-12-22,0
SZA,Kill Bill,2022-12-22,0
SZA,Nobody Gets Me,2022-12-22,0
SZA,Shirt,2022-11-03,0
SZA,Snooze,2024-05-16,0
Sam Smith,My Oasis (feat. Burna Boy),2022-07-14,0
Sam Smith,Unholy (feat. Kim Petras),2022-09-29,0
Sam Smith,Unholy (feat. Kim Petras),2023-01-19,0
Sarkodie,Non Living Thing (feat. Oxlade),2022-02-24,0
Sarz,Billions,2024-05-23,0
Sarz,Happiness (feat. Asake & Gunna),2024-05-16,0
Savage,Confident,2022-02-17,0
Savage,Rosemary,2022-02-17,0
Savage,Rosemary,2022-04-21,0
Seyi Vibez,+234,2022-07-07,0
Seyi Vibez,247,2024-05-16,0
Seyi Vibez,Alaska,2023-01-12,0
Seyi Vibez,Amdallah,2023-06-08,0
Seyi Vibez,BD Baby,2022-11-03,0
Seyi Vibez,Bank Of America,2022-11-10,0
Seyi Vibez,Bank Of America,2023-02-09,0
Seyi Vibez,Billion Dollar,2022-04-14,0
Seyi Vibez,Bullion Van,2022-10-13,0
Seyi Vibez,Cana,2024-05-16,0
Seyi Vibez,Chance (Na Ham),2022-11-03,0
Seyi Vibez,Chance (Na Ham),2023-01-19,0
Seyi Vibez,Chance (Na Ham),2023-02-23,0
Seyi Vibez,Darling,2022-11-10,0
Seyi Vibez,Dejavu,2024-05-16,0
Seyi Vibez,Different Pattern,2024-05-16,0
Seyi Vibez,G.O.A.T,2023-01-12,0
Seyi Vibez,Gangsta,2022-11-10,0
Seyi Vibez,Gatti,2024-05-16,0
Seyi Vibez,Go Low,2022-12-22,0
Seyi Vibez,Hat-trick,2023-06-08,0
Seyi Vibez,IG Story,2023-01-12,0
Seyi Vibez,IQ,2022-12-22,0
Seyi Vibez,Ife,2022-11-10,0
Seyi Vibez,Karma,2024-05-16,0
Seyi Vibez,Kun Faya Kun (Be and it is),2022-12-22,0
Seyi Vibez,Love is War,2023-01-12,0
Seyi Vibez,Malaika,2024-05-16,0
Seyi Vibez,Man of The Year,2024-05-16,0
Seyi Vibez,Ogo,2024-05-16,0
Seyi Vibez,Ogochukwu,2022-12-22,0
Seyi Vibez,Ogochukwu,2023-01-12,0
Seyi Vibez,On God,2024-05-16,0
Seyi Vibez,Para Boi,2023-01-12,0
Seyi Vibez,Psalm 23,2022-12-22,0
Seyi Vibez,Saro,2022-11-10,0
Seyi Vibez,Shazam,2024-05-16,0
Seyi Vibez,Ten,2022-11-10,0
Seyi Vibez,Today,2024-05-16,0
Seyi Vibez,WhatsApp,2024-05-16,0
Shallipopi,100,2024-05-16,0
Shallipopi,ASAP,2024-05-16,0
Shallipopi,Billion,2024-05-16,0
Shallipopi,Cast,2024-05-16,0
Shallipopi,Elon Musk - Remix,2023-06-08,0
Shallipopi,Elon musk,2023-03-23,0
Shallipopi,Ex Convict,2024-05-16,0
Shallipopi,Ex Convict,2024-06-20,0
Shallipopi,Find Me,2024-05-16,0
Shallipopi,Find Me,2024-05-23,0
Shallipopi,High Tension,2024-05-16,0
Shallipopi,High Tension,2024-05-23,0
Shallipopi,New Cat,2024-05-16,0
Shallipopi,Obapluto (feat. Pa Monday-Edo),2024-06-27,0
Shallipopi,Oscroh (Pepperline),2024-05-16,0
Shallipopi,Sharpiru,2023-04-27,0
Shenseea,Work Me Out (with Wizkid),2024-05-30,0
Show Dem Camp,Apollo,2022-10-06,0
Show Dem Camp,Bad Breakup (Skit),2022-10-06,0
Show Dem Camp,Bad Design,2022-10-06,0
Show Dem Camp,Feel Something,2022-10-06,0
Show Dem Camp,First Time Caller (Skit),2022-10-06,0
Show Dem Camp,Freaky,2022-10-06,0
Show Dem Camp,Head Over Heels,2022-10-06,0
Show Dem Camp,If It's Love,2022-10-06,0
Show Dem Camp,Intro,2022-10-06,0
Show Dem Camp,Kele,2022-10-06,0
Show Dem Camp,Live Life,2022-10-06,0
Show Dem Camp,Mine Alone,2022-10-06,0
Show Dem Camp,No Regrets,2022-10-06,0
Show Dem Camp,OldFlame,2022-10-06,0
Show Dem Camp,Rolling,2022-10-06,0
Show Dem Camp,WYW,2022-10-06,0
Show Dem Camp,Your Love,2022-10-06,0
Sidhu Moose Wala,Mera Na,2023-04-13,0
Simi,Balance,2022-06-09,0
Simi,Logba Logba,2022-06-09,0
Simi,Loyal,2022-06-09,0
Simi,Naked Wire,2022-05-26,0
Simi,Sr,2022-02-24,0
Simi,Story Story,2022-06-09,0
Skales,Selese,2022-02-24,0
Skepta,Energy (Stay Far Away),2022-09-15,0
Skepta,Tony Montana,2024-05-16,0
Skiibii,Back To Sender,2023-02-09,0
Skiibii,Baddest Boy,2022-02-17,0
Skiibii,Baddest Boy - Remix,2022-02-17,0
Skiibii,Baddest Boy - Remix,2022-03-10,0
Skiibii,Baddest Boy - Remix,2022-03-17,0
Skiibii,Baddest Boy - Remix,2022-03-24,0
Skiibii,Flex,2022-09-08,0
Skiibii,Trenches,2022-03-24,0
Smada,PAPILO (Smadumodu),2023-06-08,0
Smallgod,Automatic,2023-01-26,0
Smallgod,GIDI GIDI (feat. Black Sherif & Tory Lanez),2022-07-07,0
Song bird,SCAR,2023-04-27,0
Soundz,Attention,2023-02-23,0
Southside,Hold That Heat (feat. Travis Scott),2022-04-28,0
Spirit of Prophecy,Omo Baba,2022-07-14,0
Spyro,Billing,2022-07-28,0
Spyro,Shutdown,2024-05-16,0
Spyro,Who Is Your Guy?,2023-01-26,0
Spyro,Who Is Your Guy?,2023-03-02,0
Spyro,Who Is Your Guy? - Remix,2023-03-09,0
St. Seii,fiTna,2023-04-06,0
Stanley Okorie,"Billionaire (From ""Return of the Billionaires"")",2023-01-26,0
Stonebwoy,Therapy,2022-05-12,0
Stormzy,Hide & Seek,2022-10-20,0
Stormzy,Hide & Seek,2023-04-13,0
Stormzy,Hide & Seek - Rema Remix,2023-03-02,0
Stormzy,Mel Made Me Do It,2022-09-29,0
Stormzy,Own It (feat. Ed Sheeran & Burna Boy),2022-07-07,0
Sunmisola Agbebi,B'Ola - Honour,2024-05-16,0
Superstar Pride,PAINTING PICTURES,2023-02-23,0
T DOLLAR,Rise,2022-06-30,0
T dollar,Rise,2022-05-12,0
T-Classic,Dangerous,2022-03-31,0
T-Classic,MAKAVELI,2022-02-17,0
T-Classic,MAKAVELI,2022-03-17,0
T.I BLAZE,Kilo,2022-05-05,0
T.I BLAZE,Kilo,2022-06-16,0
T.I BLAZE,Lock Up,2022-10-20,0
T.I BLAZE,My Life,2022-08-11,0
T.I BLAZE,Sometimes,2022-02-17,0
T.I BLAZE,Sometimes - Remix,2022-02-17,0
T.I BLAZE,Sometimes - Remix,2022-04-21,0
T.I BLAZE,Sometimes - Remix,2022-07-07,0
T.I BLAZE,Sometimes - Remix,2022-10-13,0
T.I BLAZE,Try,2022-02-24,0
T.I BLAZE,Try,2022-08-04,0
T.I BLAZE,Try,2023-02-16,0
T.I BLAZE,Wire,2023-04-27,0
T.Y.E,Omo Elewa,2022-12-29,0
TAR1Q,bAd IntentIons,2022-08-04,0
Tayc,D O D O,2022-03-31,0
Tayc,D O D O - Adekunle Gold Version,2022-04-21,0
Taylor Swift,Anti-Hero,2022-10-27,0
Tekno,Mufasa,2022-03-03,0
Tekno,PAY,2022-10-13,0
Tekno,Pay,2022-10-20,0
Tekno,Wayo,2024-05-30,0
Tempoe,Soweto,2022-05-12,0
Tems,Burning,2024-06-20,0
Tems,Crazy Tings,2022-02-17,0
Tems,Crazy Tings,2022-06-02,0
Tems,Damages,2022-02-17,0
Tems,Damages,2022-02-24,0
Tems,Damages,2022-07-07,0
Tems,Free Fall (feat. J. Cole),2024-06-20,0
Tems,Free Mind,2022-07-28,0
Tems,Get it Right (feat. Asake),2024-06-20,0
Tems,Higher,2022-06-30,0
Tems,Love Me JeJe,2024-05-16,0
Tems,Me & U,2024-05-16,0
Tems,No Woman No Cry,2022-07-28,0
Tems,Wickedest,2024-06-20,0
Teni,FOR YOU,2022-02-17,0
Teni,Little (Love I Love),2022-06-30,0
Teni,MOSLADO,2022-02-17,0
Teni,Maitama (Going),2022-12-29,0
Teni,No Days Off,2023-06-08,0
Terri,Danger,2022-03-24,0
Terri,For Here,2022-04-28,0
Terri,Holy Water,2022-04-28,0
The Cavemen.,ADAUGO,2022-11-17,0
The Kid LAROI,STAY (with Justin Bieber),2022-02-17,0
The Kid LAROI,STAY (with Justin Bieber),2022-04-21,0
The Kid LAROI,Thousand Miles,2022-04-28,0
The Real Prechly,A Collision of Two Worlds 2.0,2024-05-16,0
The Therapist,Nack Remix,2022-09-29,0
The Weeknd,Die For You - Remix,2023-03-02,0
The Weeknd,Double Fantasy (with Future),2023-04-27,0
Timaya,Cold Outside,2022-02-17,0
Timaya,Cold Outside,2022-04-14,0
Timaya,Cold Outside,2022-04-28,0
Timaya,Cold Outside,2023-01-19,0
Timaya,Get My Money Right,2022-07-07,0
Tion Wayne,"Body (Remix) [feat. ArrDee, E1 (3x3), ZT (3x3), Bugzy Malone, Buni, Fivio Foreign & Darkoo]",2022-03-24,0
Tion Wayne,IFTK,2022-05-19,0
TitoM,Tshwala Bam (feat. S.N.E) - Remix,2024-05-16,0
TitoM,Tshwala Bam (feat. S.N.E) - Remix,2024-05-30,0
TitoM,"Tshwala Bam (feat. S.N.E, EeQue)",2024-05-16,0
Tiwa Savage,Gara (feat. Ayra Starr),2024-05-16,0
Tiwa Savage,Jaiye Foreign,2022-08-18,0
Tiwa Savage,Loaded,2022-11-10,0
Tiwa Savage,Loaded,2022-12-29,0
Tiwa Savage,Loaded,2023-02-02,0
Tiwa Savage,Somebodys Son (Ft Brandy),2022-02-17,0
Tiwa Savage,Stamina,2023-03-16,0
Tobi Adu,Claro,2023-04-27,0
Tom Odell,Another Love,2023-01-05,0
Tommy Richman,MILLION DOLLAR BABY,2024-05-16,0
Toosii,Favorite Song,2023-03-23,0
Travis Scott,BUTTERFLY EFFECT,2024-05-16,0
Travis Scott,FE!N (feat. Playboi Carti),2024-05-16,0
Trinidad Cardona,Hayya Hayya (Better Together) - Music from the FIFA World Cup Qatar 2022 Official Soundtrack,2022-04-07,0
Tripcy,Freeway - Remix,2022-05-12,0
Troniq Music,Ojuju,2022-02-17,0
TxC,Yebo,2024-06-20,0
Tyla,Jump,2024-05-16,0
Uncle Waffles,Tanzania,2022-09-22,0
Uncle Waffles,"Yahyuppiyah (feat. Pcee, EeQue & Chley)",2023-04-06,0
Vector,Early Momo,2022-02-17,0
Vector,Early Momo,2022-11-17,0
Venox,20 10 20,2022-10-20,0
Vibez Inc,Wells Fargo,2024-05-16,0
Victony,All Power,2022-05-12,0
Victony,Anita,2024-06-27,0
Victony,Apollo,2022-03-17,0
Victony,Apollo,2022-04-14,0
Victony,"Ba$tard, Don't Be Silly",2024-06-27,0
Victony,Chop & Slide,2022-05-12,0
Victony,Chop & Slide,2022-07-28,0
Victony,Everything,2024-05-16,0
Victony,History,2024-06-27,0
Victony,Jaga Jaga (with Babyboy AV),2024-05-16,0
Victony,Jaga Jaga (with Babyboy AV),2024-05-23,0
Victony,Jolene,2022-05-12,0
Victony,Kolo (Kolomental II),2024-06-27,0
Victony,Kolomental,2022-12-22,0
Victony,Ludo (with Shallipopi),2024-06-27,0
Victony,Many Man - A COLORS SHOW,2022-07-07,0
Victony,OHEMA (with Crayon & Bella Shmurda),2024-05-16,0
Victony,OHEMA (with Crayon & Bella Shmurda),2024-05-23,0
Victony,Oshaprapra (with Shorae Moore),2024-06-27,0
Victony,Outlaw,2022-05-12,0
Victony,Pier 46 (with KTIZO),2024-06-27,0
Victony,Risk,2024-06-27,0
Victony,Slow Down (with Teezo Touchdown),2024-06-27,0
Victony,Soweto,2022-09-15,0
Victony,Soweto,2022-10-13,0
Victony,Soweto,2022-10-20,0
Victony,Soweto,2022-12-29,0
Victony,Soweto,2023-03-16,0
Victony,"Soweto (with Don Toliver, Rema & Tempoe)",2023-06-08,0
Victony,"Soweto (with Don Toliver, Rema & Tempoe)",2024-05-23,0
Victony,"Soweto (with Don Toliver, Rema and Tempoe)",2023-03-23,0
Victony,Soweto (with Omah Lay & Tempoe),2023-05-11,0
Victony,Street Affair,2024-06-27,0
Victony,Stubborn (with Asake),2024-05-16,0
Victony,Stubborn (with Asake),2024-06-27,0
Victony,Sunday School,2024-06-27,0
Victony,Tiny Apartment (with SAINt JHN),2024-06-27,0
Victony,kolomental,2022-04-28,0
Victony,kolomental,2022-05-26,0
Victony,kolomental,2022-06-16,0
Victor AD,OLOFOFO,2022-06-09,0
Victor AD,Olofofo,2022-02-17,0
Victor AD,Olofofo,2022-03-03,0
Voltage Of Hype,Amapiano Breakfast,2023-01-19,0
W4,Let Me Know,2022-03-10,0
WILLOW,Wait a Minute!,2022-03-24,0
Waje,Vibes,2022-05-19,0
Wande Coal,Again,2022-02-17,0
Wande Coal,Again,2023-03-02,0
Wande Coal,Come My Way,2022-02-17,0
Wande Coal,Come My Way,2022-03-24,0
Wande Coal,Come My Way,2022-06-09,0
Wande Coal,Come My Way,2022-09-01,0
Wande Coal,Ebelebe (feat. Wizkid),2023-06-08,0
Wande Coal,Kpe Paso,2023-02-02,0
Wande Coal,Kpe Paso,2023-03-30,0
Wande Coal,Let Them Know,2023-04-27,0
Wande Coal,Umbrella,2022-11-03,0
Wande Coal,Who Born The Maga,2022-12-29,0
Westhanboyz,High Way,2024-05-16,0
White Money,N We-We,2022-05-19,0
WizKid,Anoti,2022-02-17,0
WizKid,Anoti,2022-03-10,0
WizKid,Anoti,2022-05-26,0
WizKid,Anoti,2022-06-16,0
WizKid,Blessed (feat. Damian Marley),2022-02-17,0
WizKid,Blessed (feat. Damian Marley),2022-04-07,0
WizKid,Essence (feat. Justin Bieber & Tems),2022-02-17,0
WizKid,Essence (feat. Tems),2022-02-17,0
WizKid,Essence (feat. Tems),2022-07-28,0
WizKid,Essence (feat. Tems),2022-09-01,0
WizKid,Ginger (feat. Burna Boy),2022-02-17,0
WizKid,Ginger (feat. Burna Boy),2022-03-24,0
WizKid,Mood (feat. BNXN),2022-09-08,0
WizKid,Mood (feat. Buju),2022-02-17,0
WizKid,Mood (feat. Buju),2022-03-17,0
WizKid,Mood (feat. Buju),2022-04-28,0
WizKid,Mood (feat. Buju),2022-06-09,0
WizKid,Mood (feat. Buju),2022-07-07,0
WizKid,Steady,2022-02-17,0
WizKid,True Love (feat. Tay Iwar & Projexx),2022-03-31,0
Wizard Chan,Earth Song,2023-01-26,0
Wizard Chan,Earth Song,2023-03-30,0
Wizard Chan,Loner (Alone),2024-05-16,0
Wizkid,2 Sugar (feat. Ayra Starr),2022-11-17,0
Wizkid,2 Sugar (feat. Ayra Starr),2023-01-12,0
Wizkid,2 Sugar (feat. Ayra Starr),2023-02-16,0
Wizkid,Anoti,2022-09-15,0
Wizkid,Bad To Me,2022-09-15,0
Wizkid,Bad To Me,2023-01-26,0
Wizkid,Bad To Me,2023-03-30,0
Wizkid,Balance,2022-11-17,0
Wizkid,Blessed (feat. Damian Marley),2022-09-15,0
Wizkid,Deep,2022-11-17,0
Wizkid,Diamonds,2024-05-16,0
Wizkid,Essence (feat. Justin Bieber & Tems),2022-09-15,0
Wizkid,Essence (feat. Tems),2022-09-15,0
Wizkid,Everyday,2022-11-17,0
Wizkid,Flower Pads,2022-11-17,0
Wizkid,Frames (Who's Gonna Know),2022-11-17,0
Wizkid,Ginger (feat. Burna Boy),2022-09-15,0
Wizkid,IDK (feat. Zlatan),2024-05-16,0
Wizkid,Money & Love,2022-11-03,0
Wizkid,Mood (feat. BNXN),2022-09-15,0
Wizkid,Plenty Loving,2022-11-17,0
Wizkid,Plenty Loving,2023-01-05,0
Wizkid,Pressure,2022-11-17,0
Wizkid,Slip N Slide (feat. Skillibeng & Shenseea),2022-11-17,0
Wizkid,Special (feat. Don Toliver),2022-11-17,0
Wizkid,Wow (feat. Skepta & Naira Marley),2022-11-17,0
Wizkid,Wow (feat. Skepta & Naira Marley),2023-01-05,0
Wizkid,Wow (feat. Skepta & Naira Marley),2023-01-19,0
WurlD,SAD TONIGHT,2022-03-03,0
Yarden,Wetin,2022-12-22,0
Yarden,Wetin,2023-02-23,0
Yaw Tog,Azul,2022-03-17,0
Yemi Alade,Begging,2022-07-28,0
Young Jonn,Aquafina,2023-05-11,0
Young Jonn,Aquafina,2024-05-30,0
Young Jonn,Bahamas,2024-05-16,0
Young Jonn,Bahamas,2024-05-30,0
Young Jonn,Big Big Things (feat. Kizz Daniel & Seyi Vibez),2024-05-16,0
Young Jonn,Currency,2023-02-09,0
Young Jonn,Currency,2023-03-30,0
Young Jonn,Dada,2022-03-24,0
Young Jonn,Dada (feat. Davido) [Remix],2022-05-05,0
Young Jonn,Dada (feat. Davido) [Remix],2022-06-16,0
Young Jonn,Dada (feat. Davido) [Remix],2022-07-07,0
Young Jonn,Dada (feat. Davido) [Remix],2022-07-21,0
Young Jonn,Dada (feat. Davido) [Remix],2022-08-04,0
Young Jonn,Dada (feat. Davido) [Remix],2022-09-29,0
Young Jonn,Go Hard,2024-05-16,0
Young Jonn,If You Leave,2022-10-27,0
Young Jonn,If You Leave,2023-02-02,0
Young Jonn,If You Leave,2023-02-16,0
Young Jonn,Next To You (feat. Vedo),2022-10-27,0
Young Jonn,Normally,2022-07-07,0
Young Jonn,Normally,2022-09-22,0
Young Jonn,Pot of Gold,2024-05-16,0
Young Jonn,Sharpally,2024-05-16,0
Young Jonn,Sharpally,2024-05-23,0
Young Jonn,Showcase (feat. Blaqbonez),2024-05-16,0
Young Jonn,Sokoto,2022-10-27,0
Young Jonn,Tony Montana,2024-05-16,0
Young Jonn,Xtra Cool,2022-09-29,0
Young Jonn,Xtra Cool,2023-01-05,0
Young Jonn,Xtra Cool,2023-01-12,0
Young Jonn,Xtra Cool,2023-01-19,0
Young Jonn,Xtra Cool,2023-01-26,0
Young Jonn,Xtra Cool,2023-03-30,0
Yung Lean,Ginseng Strip 2002,2022-02-17,0
Zerrydl,Cash,2024-06-20,0
Zerrydl,O.U.A.T,2024-05-30,0
Zerrydl,Popo,2024-05-16,0
Zerrydl,Puff & Pass (Remix),2024-05-16,0
Zinoleesky,A1 (Feeling Disorder),2023-06-08,0
Zinoleesky,Call of Duty,2022-09-01,0
Zinoleesky,Call of Duty,2022-10-06,0
Zinoleesky,Call of Duty,2022-10-20,0
Zinoleesky,Element,2024-05-16,0
Zinoleesky,Gone Far,2022-02-17,0
Zinoleesky,Gone Far,2022-05-12,0
Zinoleesky,Kilofese - Remix,2022-02-17,0
Zinoleesky,Kilofeshe,2022-02-17,0
Zinoleesky,Last Time,2022-12-29,0
Zinoleesky,Loving You,2022-05-19,0
Zinoleesky,Loving You,2022-06-02,0
Zinoleesky,Loving You,2022-06-09,0
Zinoleesky,Loving You,2022-06-16,0
Zinoleesky,Loving You,2023-01-26,0
Zinoleesky,Many Roads,2022-12-29,0
Zinoleesky,Many Things,2023-04-27,0
Zinoleesky,Naira Marley,2022-02-17,0
Zinoleesky,Naira Marley,2022-02-24,0
Zinoleesky,Naira Marley,2022-04-07,0
Zinoleesky,Odinaka,2022-12-29,0
Zinoleesky,Odinaka,2023-02-23,0
Zinoleesky,Personal,2022-12-22,0
Zinoleesky,Personal,2023-01-05,0
Zinoleesky,Personal,2023-01-19,0
Zinoleesky,Personal,2023-04-13,0
Zinoleesky,Personal,2023-04-27,0
Zinoleesky,Rocking,2022-02-24,0
Zinoleesky,Rocking,2022-03-24,0
Zinoleesky,Rocking,2022-09-29,0
Zinoleesky,Run It Up,2022-12-29,0
Zinoleesky,Sunny Ade,2024-05-16,0
Zinoleesky,Yan Yan Yan,2022-12-29,0
Zlatan,Ale Yi,2022-02-17,0
Zlatan,Astalavista,2022-12-22,0
Zlatan,Bust Down,2024-05-16,0
Zlatan,Jaboti,2022-09-22,0
Zlatan,Let There Be Light,2023-02-02,0
Zlatan,Money,2022-04-07,0
Zlatan,Oganigwe,2023-05-11,0
Zlatan,Omo Ologo,2023-03-16,0
Zlatan,Rara,2023-05-11,0
benny blanco,Bad Decisions (with BTS & Snoop Dogg),2022-08-11,0
chike,Hard to Find,2022-07-21,0
chike,Running (To You),2022-02-17,0
j-hope,Arson,2022-07-21,0
j-hope,MORE,2022-07-07,0
j-hope,on the street (with J. Cole),2023-03-09,0
melvitto,Gentility,2022-04-21,0
melvitto,Gentility,2022-06-16,0
melvitto,Gentility,2022-07-28,0
melvitto,Gentility,2022-09-08,0
oSHAMO,WHY YOU LYING,2023-03-23,0
rancvh,Love Scars,2023-03-09,0
ziko eazy,Erima,2022-10-27,0
