source,lemmed sources,source_len,source1,source2,source3,source4,source5,source6
Ye,ye,1,,,,,,
YZY,yzi,1,,,,,,
300 Entertainment,300 entertain,1,,,,,,
G59 Records,g59 record,1,,,,,,
Makhates Productions,makhat product,1,,,,,,
031Choppa,031choppa,1,,,,,,
Def Jam Recordings,def jam record,1,,,,,,
Gamebread LLC ,gamebread    def jam record,2, Def Jam Recordings,,,,,
Slaughter Gang LLC,slaughter gang  llcepic record,2,Epic Records,,,,,
OVO ,ovo  republ record,2, Republic Records,,,,,
Slaughter Gang LLC,slaughter gang  llcepicboominati worldwiderepubl,4,Epic,Boominati Worldwide,Republic,,,
Records,recordscolumbia,2,Columbia,,,,,
Sound African Recordings,sound african record,1,,,,,,
2Point1 Music,2point1 music,1,,,,,,
Penya Play Productions,penya play product,1,,,,,,
Columbia,columbia,1,,,,,,
4batz ,4batz  ovo sound,2, OVO Sound,,,,,
5 Seconds Of Summer,5 second of summerinterscop,2,Interscope,,,,,
Capitol,capitol,1,,,,,,
UMGRI Interscope,umgri interscop,1,,,,,,
LVRN,lvrninterscop record,2,Interscope Records,,,,,
LVRN Records,lvrn record,1,,,,,,
Scumgang Records,scumgang recordstenthousand project  ,2,TenThousand Projects LLC,,,,,
ScumGang Records ,scumgang record  tenthousand project  ,2, TenThousand Projects LLC,,,,,
Scumgang Records,scumgang record,1,,,,,,
Sowetocool,sowetocool,1,,,,,,
Highbridge the Label ,highbridg the label  atlant record,2, Atlantic Records,,,,,
A$AP Worldwide,a  ap worldwidepolo ground musicrca record,3,Polo Grounds Music,RCA Records,,,,
RCA Records Label,rca record label,1,,,,,,
A$AP Worldwide,a  ap worldwiderca record,2,RCA Records,,,,,
Revenge Club Records,reveng club record,1,,,,,,
REVENGE CLUB RECORDS,reveng club record,1,,,,,,
RUBBERBVNDGVNG,rubberbvndgvng,1,,,,,,
RUBBERBVNDGANG,rubberbvndgang,1,,,,,,
Platoon,platoon,1,,,,,,
NINETY SEVEN,nineti seven,1,,,,,,
BOATS ENT.,boat  ,1,,,,,,
Thrive Music LLC,thrive music  ,1,,,,,,
AJ Ghent [ j-ent ],ghent  jent ,1,,,,,,
Black Butter,black butter,1,,,,,,
Universal Music (Pty) Ltd.,univers music  pti   ,1,,,,,,
Vth Season,vth season,1,,,,,,
Beam Group,beam group,1,,,,,,
Yal Entertainment,yal entertain,1,,,,,,
Content Connect Africa,content connect africa,1,,,,,,
Virgin,virgin,1,,,,,,
Glassnote Entertainment Group LLC,glassnot entertain group ,1,,,,,,
RCA Local,rca local,1,,,,,,
Doza Nation Entertainment,doza nation entertain,1,,,,,,
XL Recordings,xl record,1,,,,,,
BIGHIT MUSIC,bighit music,1,,,,,,
MER Recordings,mer record,1,,,,,,
Kreatell Music,kreatel music,1,,,,,,
Elektra (NEK),elektra  nek ,1,,,,,,
P2020,p2020,1,,,,,,
2018,2018,1,,,,,,
EP Entertainment LLC ,entertain    def jam,2, Def Jam,,,,,
10:22 pm,1022 pmastralwerk,2,Astralwerks,,,,,
10:22 pm,1022 pm,1,,,,,,
Atlantic Records,atlant record,1,,,,,,
Interscope Records,interscop record,1,,,,,,
Eye 'N See Entertainment,eye n see entertain,1,,,,,,
Warner Records,warner record,1,,,,,,
J Records,j record,1,,,,,,
Major Role Music,major role music,1,,,,,,
0207 Def Jam,0207 def jam,1,,,,,,
WM South Africa,wm south africa,1,,,,,,
Republic Records,republ record,1,,,,,,
Ziiki Media,ziiki medium,1,,,,,,
Aftermath,aftermath,1,,,,,,
Aftermath,aftermath12 tone music  ,2,12 Tone Music LLC,,,,,
Royal Am Entertainment under Exclusive License to Ownit Music,royal am entertain under exclus licens to ownit music,1,,,,,,
S-Curve Records,scurv record,1,,,,,,
Columbia,columbialegaci,2,Legacy,,,,,
Atlantic Records UK,atlant record ,1,,,,,,
Major Tom's ,major tom s  asylum,2, Asylum,,,,,
Asylum Records,asylum record,1,,,,,,
Atlantic Records,atlant recordsasylum,2,Asylum,,,,,
Arista Records,arista record,1,,,,,,
2019 Real Hasta La Muerte LLC.,2019 real hasta la muert   ,1,,,,,,
Warner Music Africa,warner music africa,1,,,,,,
Sony Music Canada,soni music canada,1,,,,,,
Domino Recording Co,domino record ,1,,,,,,
Dreamville,dreamvilleinterscop record,2,Interscope Records,,,,,
Silver Cloud,silver cloudcharli s angel,2,Charlie's Angels,,,,,
Universal Records,univers record,1,,,,,,
"Ariana Grande & Justin Bieber ""Stuck With U""- Charity",ariana grand  justin bieber  stuck with u   chariti,1,,,,,,
Arizona Zervas,arizona zerva,1,,,,,,
Armani White,armani white,1,,,,,,
Legendbound LLC ,legendbound    def jam record,2, Def Jam Recordings,,,,,
Armada Music Bundles,armada music bundl,1,,,,,,
Armada Music Albums,armada music album,1,,,,,,
Universal-Island Records Ltd.,universalisland record  ,1,,,,,,
Artemas,artema,1,,,,,,
Theko Entertainment,theko entertain,1,,,,,,
Asanda Mkhize,asanda mkhize,1,,,,,,
Mom+Pop,mompop,1,,,,,,
Parlophone UK,parlophon ,1,,,,,,
Ivyson Entertainment,ivyson entertain,1,,,,,,
Shake the World ,shake the world  empir,2, EMPIRE,,,,,
Universal Music AB,univers music ,1,,,,,,
BMG Rights Management (US) LLC,bmg right manag  u  ,1,,,,,,
EMI,emi,1,,,,,,
ONE FIFTY EMPIRE ,one fifti empir  gamma  africa,2, gamma. Africa,,,,,
Lyf Styl Entertainment,lyf styl entertain,1,,,,,,
DJs Production,dj product,1,,,,,,
Mavin Global Holdings Ltd.,mavin global hold  ,1,,,,,,
Mavin Records,mavin record,1,,,,,,
Bigcitydreams Records,bigcitydream record,1,,,,,,
Island Records,island record,1,,,,,,
Epic,epic,1,,,,,,
YG Entertainment,yg entertainmentinterscop record,2,Interscope Records,,,,,
YG Entertainment distributed through Interscope Records,yg entertain  distribut through interscop record,1,,,,,,
Moon Boy University ,moon boy univers  empir,2, EMPIRE,,,,,
OVO Sound,ovo soundwarn record,2,Warner Records,,,,,
Question Everything,question everythingrca record,2,RCA Records,,,,,
TakeOne Company | BigHit Entertainment,takeon compani  bighit entertain,1,,,,,,
Mavuso Business Solutions,mavuso busi solut,1,,,,,,
Babalwa M ,babalwa m  empir,2, EMPIRE,,,,,
Baby Keem LLC,babi keem ,1,,,,,,
pgLang,pglangcolumbia,2,Columbia,,,,,
L.O.V.E.,lov ,1,,,,,,
Yung Baby Tate,yung babi tate,1,,,,,,
Rimas Entertainment LLC,rima entertain ,1,,,,,,
Eleven Seven Music,eleven seven music,1,,,,,,
Bahubhe Trading Enterprise,bahubh trade enterpris,1,,,,,,
Balcony Mix Africa,balconi mix africa,1,,,,,,
Balcony Mix Africa Under Exclusive License to emPawa Africa Limited,balconi mix africa under exclus licens to empawa africa limit,1,,,,,,
Jive Hub Productions Pty (Ltd),jive hub product pti   ,1,,,,,,
Select,select,1,,,,,,
J. Cole,j cole dreamvil,2, DreamVille,,,,,
Djs Production Pty Ltd,dj product pti ,1,,,,,,
Virgin Records Ltd,virgin record ,1,,,,,,
iamcosmic,iamcosm,1,,,,,,
Hollywood Records,hollywood record,1,,,,,,
8123 ,8123  arista record,2, Arista Records,,,,,
Warner Bros.,warner bro ,1,,,,,,
Motown Records,motown record,1,,,,,,
Polydor Records,polydor record,1,,,,,,
XO | Roc Nation Records LLC,xo  roc nation record  ,1,,,,,,
Tiba Ben Promotion,tiba ben promot,1,,,,,,
Griselda Records ,griselda record  empir,2, EMPIRE,,,,,
Night Street Records Inc.,night street record  incwarn record  ,2,Warner Records Inc.,,,,,
Universal Music (Pty) Ltd. Distribution Deals,univers music  pti   distribut deal,1,,,,,,
Parkwood Entertainment,parkwood entertainmentcolumbia,2,Columbia,,,,,
Music World Music,music world musiccolumbia,2,Columbia,,,,,
Napalm Prod,napalm prod,1,,,,,,
Afrotainment,afrotain,1,,,,,,
Getting Out Our Dreams Inc.,get out our dream  incdef jam record,2,Def Jam Recordings,,,,,
Nkabi Records,nkabi record,1,,,,,,
Darkroom,darkroominterscop record,2,Interscope Records,,,,,
Darkroom,darkroom,1,,,,,,
Geffen,geffen,1,,,,,,
Interscope,interscop,1,,,,,,
Epic,epicw the best,2,We The Best,,,,,
Spirit Motion,spirit motion,1,,,,,,
Next Music,next music,1,,,,,,
Blacko Management ,blacko manag  empir,2, EMPIRE,,,,,
BlackoSA,blackosa,1,,,,,,
Broken Bow Records,broken bow record,1,,,,,,
Ambitiouz Entertainment,ambitiouz entertain,1,,,,,,
Umuthi Othi Thi (Pty) Ltd,umuthi othi thi  pti  ,1,,,,,,
QTR,qtr,1,,,,,,
Wanitwa Mos Entertainment,wanitwa mo entertain,1,,,,,,
Quality time Records,qualiti time record,1,,,,,,
OB Wave,ob wave,1,,,,,,
Blaqwav Entertainment,blaqwav entertain,1,,,,,,
Blaqwav ENT.,blaqwav  ,1,,,,,,
Xigaza Xa Ma2K,xigaza xa ma2k,1,,,,,,
Bloc Nation,bloc nation,1,,,,,,
BlocBoy JB,blocboy jb,1,,,,,,
Fifth Amendment Entertainment,fifth amend entertainmenteon music,2,eOne Music,,,,,
eOne Urban,eon urban,1,,,,,,
727412 Records DK2,727412 record dk2,1,,,,,,
M4 Entertainment,m4 entertain,1,,,,,,
Red Bull Records Inc. ,red bull record   evgl ,2, Evgle LLC,,,,,
Universal Digital Enterprises,univers digit enterpris,1,,,,,,
RCA Camden,rca camden,1,,,,,,
Boohle Music,boohl music,1,,,,,,
Waltz Music Group,waltz music group,1,,,,,,
BoyWithUke,boywithuk,1,,,,,,
UNI,unimotown,2,MOTOWN,,,,,
MCA Nashville,mca nashvil,1,,,,,,
Lost Kids LLC. Marketed by Venice ,lost kid   market by venic  stem,2, Stem,,,,,
Lost Kids,lost kid,1,,,,,,
ISO Supremacy under exclusive license to UnitedMasters LLC,iso supremaci under exclus licens to unitedmast ,1,,,,,,
Lost kids,lost kid,1,,,,,,
Atlantic Nashville,atlant nashvil,1,,,,,,
Legacy Recordings,legaci record,1,,,,,,
Jive,jive,1,,,,,,
NITRON concepts,nitron concept,1,,,,,,
Aftermath Entertainment,aftermath entertainmentatlant,2,Atlantic,,,,,
A&M,a  m,1,,,,,,
Sire,sire,1,,,,,,
TrapSoul,trapsoulrca record,2,RCA Records,,,,,
6172300 Records DK,6172300 record dk,1,,,,,,
Spaceship Entertainment Ltd.,spaceship entertain  ,1,,,,,,
Roc Nation,roc nationdef jamhollywood,3,Def Jam,Hollywood,,,,
Live House Music Group,live hous music group,1,,,,,,
Majesty Music Entertainment,majesti music entertain,1,,,,,,
Thupa Industry,thupa industri,1,,,,,,
Prime Hold Consult Black is Brown,prime hold consult black is brown,1,,,,,,
The Conglomerate Entertainment Inc. ,the conglomer entertain    empir,2, EMPIRE,,,,,
2025 CIZARIO Records,2025 cizario recordslvrn record  love renaiss ,2,LVRN Records (Love Renaissance),,,,,
CJ Music Group,cj music grouptseri,2,T-Series,,,,,
Chocolate City Music,chocol citi music,1,,,,,,
CORPSE,,1,,,,,,
Ownit Music,ownit music,1,,,,,,
OwnIt Music,ownit music,1,,,,,,
Ejarden Entertainment,ejarden entertain,1,,,,,,
Capitol Records (US1A),capitol record  us1a ,1,,,,,,
Sony Music UK,soni music ,1,,,,,,
Defected Records,defect record,1,,,,,,
Crux Global ,crux global  move record,2, MOVES Recordings,,,,,
Syco Music,syco musicep,2,Epic,,,,,
KSR,ksratlant,2,Atlantic,,,,,
Atlantic,atlanticksr,2,KSR,,,,,
Walt Disney Records,walt disney record,1,,,,,,
Big Beat Records,big beat record,1,,,,,,
Benny Blanco Major,benni blanco major,1,,,,,,
Family Tree,famili tree,1,,,,,,
Since 93,sinc 93,1,,,,,,
Baby Blue Entertainment,babi blue entertain,1,,,,,,
Central Cee,central cee,1,,,,,,
R1+O CARTEL,r1o cartel,1,,,,,,
R1+0 CARTEL,r10 cartel,1,,,,,,
Chance the Rapper,chanc the rapper,1,,,,,,
Chappell Roan PS,chappel roan  island,2, Island,,,,,
Artist Partner,artist partner,1,,,,,,
Syco Music,syco music,1,,,,,,
Chella Music ,chella music  222  ,2, 222 Ent.,,,,,
Brothers Records under exclusive license to ONErpm,brother record  under exclus licens to onerpm,1,,,,,,
Wolf+Rothstein,wolfrothsteinrca record,2,RCA Records,,,,,
Chris Brown Entertainment,chri brown entertainmentrca record,2,RCA Records,,,,,
Chris Brown Entertainment,chri brown entertainment300 entertainmentrca record,3,300 Entertainment,RCA Records,,,,
Rhino,rhino,1,,,,,,
ChubbyCheeks,chubbycheek,1,,,,,,
Geffen*,geffen ,1,,,,,,
Beauty Marks Entertainment Inc. ,beauti mark entertain    chri brown appear courtesi of chri brown entertain  llcrca record  a divis of soni music entertain,3, Chris Brown appears courtesy of Chris Brown Entertainment LLC,RCA Records a division of Sony Music Entertainment,,,,
Beauty Marks Entertainment Inc.,beauti mark entertain   ,1,,,,,,
Ciara,ciara,1,,,,,,
FADER Label,fader label,1,,,,,,
Independent,independ,1,,,,,,
Uptown ,uptown  republ record,2, Republic Records,,,,,
Tommy Boy Music LLC,tommi boy music  ,1,,,,,,
Art@War,art  waratlant record,2,Atlantic Records,,,,,
Titch Gang Records,titch gang record,1,,,,,,
Mculo ,mculo  empir,2, EMPIRE,,,,,
Cyfred holdings,cyfr hold,1,,,,,,
Cyfred Records,cyfr record,1,,,,,,
D&D Studios,d  d studio,1,,,,,,
NTS,nt,1,,,,,,
UMG Recordings Inc.,umg record   ,1,,,,,,
WILL OF STEEL ,will of steel  next music,2, NEXT MUSIC,,,,,
Eskhaleni Music,eskhaleni music,1,,,,,,
New Money Gang Records,new money gang record,1,,,,,,
Quality Control Music LLC,qualiti control music  ,1,,,,,,
Ganyani Entertainment,ganyani entertain,1,,,,,,
Maz Entertainment,maz entertain,1,,,,,,
Simnandi Records,simnandi record,1,,,,,,
4058680 Records DK,4058680 record dk,1,,,,,,
Spinnin' Deep,spinnin  deep,1,,,,,,
88 Productions,88 product,1,,,,,,
OVO,ovow the bestep,3,We The Best,Epic,,,,
Black Major x Ice Drop,black major x ice drop,1,,,,,,
New Money Gang,new money gang,1,,,,,,
DJ Snake Music Productions Limited,dj snake music product limit,1,,,,,,
DJ Snake Def Jam,dj snake def jam,1,,,,,,
DJ Snake Music Productions Limited under exclusive license to Geffen Records,dj snake music product limit  under exclus licens to geffen record,1,,,,,,
VS Mobile,v mobil,1,,,,,,
Spaceship Records ,spaceship record  geobek record,2, Geobek Records,,,,,
18 Area Holdings,18 area hold,1,,,,,,
RAL,ral,1,,,,,,
DHF Records,dhf record,1,,,,,,
Fresh 2 Def Productions,fresh 2 def product,1,,,,,,
South Coast Music Group,south coast music groupinterscop record,2,Interscope Records,,,,,
South Coast Music ,south coast music  interscop p,2, Interscope PS,,,,,
El Cartel Records (EC3),el cartel record  ec3 ,1,,,,,,
Warner Music Nashville,warner music nashvil,1,,,,,,
MBK Entertainment,mbk entertainmentrca record,2,RCA Records,,,,,
Golden Child Recordings,golden child record,1,,,,,,
HV Recordings,hv record,1,,,,,,
RCA,rcabmg heritag,2,BMG Heritage,,,,,
VERSION III,version iii,1,,,,,,
Neighbourhood,neighbourhood,1,,,,,,
Neighbourhood ,neighbourhood  live your,2, Live Yours,,,,,
Dave ,dave  neighbourhood record,2, Neighbourhood Recordings,,,,,
Parlophone (France),parlophon  franc ,1,,,,,,
Miserable Music Group LLC,miser music group  ,1,,,,,,
Kiff Records,kiff record,1,,,,,,
Living Legends Entertainment,live legend entertain,1,,,,,,
Born In Soweto,born in soweto,1,,,,,,
Born In Soweto,born in sowetohous afrikad mthuda  njelic,3,House Afrika,De Mthuda & Njelic,,,,
Universal Music Australia Pty. Ltd.,univers music australia pti   ,1,,,,,,
Capitol Records,capitol record,1,,,,,,
Dee Koala (Pty) Ltd.,dee koala  pti   ,1,,,,,,
Indie,indi,1,,,,,,
Cycad Wave,cycad wave,1,,,,,,
Island Records,island recordshollywood record,2,Hollywood Records,,,,,
Piano Hub,piano hub,1,,,,,,
WM Italy,wm itali,1,,,,,,
Riggins Recording Limited,riggin record limit,1,,,,,,
Getting Out Our Dreams Inc. (G.O.O.D.) Music ,get out our dream    good   music  idj,2, IDJ,,,,,
Supra Familias,supra familia,1,,,,,,
House of Makunene,hous of makunen,1,,,,,,
Distruction boyz records,distruct boyz record,1,,,,,,
Distruction Boyz Records,distruct boyz record,1,,,,,,
Soulful Horizons Music,soul horizon music,1,,,,,,
HITCO,hitco,1,,,,,,
Yano World,yano world,1,,,,,,
LMW Enteaiments,lmw enteaiment,1,,,,,,
FBK Music,fbk music,1,,,,,,
Brave Boy Music,brave boy music,1,,,,,,
5K Records Limited,5k record limit,1,,,,,,
Melzi Events,melzi event,1,,,,,,
Sambo Records,sambo record,1,,,,,,
Open Mic Productions,open mic product,1,,,,,,
soul spirit productions,soul spirit product,1,,,,,,
Djo,djo,1,,,,,,
2016098 Records DK,2016098 record dk,1,,,,,,
Dlala Records (PTY) Ltd,dlala record  pti  ,1,,,,,,
Dlala Records and Funko Media,dlala record and funko medium,1,,,,,,
Dlala Records,dlala record,1,,,,,,
Top Dawg Entertainment,top dawg entertainmentcapitol record,2,Capitol Records,,,,,
Kemosabe Records,kemosab recordsrca record,2,RCA Records,,,,,
MAU Records,mau record,1,,,,,,
Cactus Jack ,cactu jack  werunit    atlant,3, WeRunIt Ent. , Atlantic,,,,
Cactus Jack ,cactu jack  atlant,2, Atlantic,,,,,
We Run It Ent.,we run it entcactu jackatlant,3,Cactus Jack,Atlantic,,,,
Sessions 55 (Pty) LTD,session 55  pti  ,1,,,,,,
Disruptor Records,disruptor recordscolumbia,2,Columbia,,,,,
3174598 Records DK,3174598 record dk,1,,,,,,
Aftermath,aftermathinterscop record,2,Interscope Records,,,,,
OVO,ovo,1,,,,,,
OVO,ovorepubl,2,Republic,,,,,
Cash Money,cash moneydrak lp6,2,Drake LP6,,,,,
OVO Sound,ovo sound,1,,,,,,
Cash Money Records,cash money recordsyoung money entunivers rec ,3,Young Money Ent.,Universal Rec.,,,,
OVO,ovorepubl record,2,Republic Records,,,,,
Side Hustle,side hustl,1,,,,,,
Dunkishrock Production,dunkishrock product,1,,,,,,
Universal Music a division of Universal International Music BV,univers music  a divis of univers intern music ,1,,,,,,
Columbia,columbiab1 record,2,B1 Recordings,,,,,
ESK MUSIQ,esk musiq,1,,,,,,
Rhino,rhinoelektra,2,Elektra,,,,,
Decca (UMO),decca  umo ,1,,,,,,
EduardoLuzquinos2021,eduardoluzquinos2021,1,,,,,,
Elevation Worship Records,elev worship record,1,,,,,,
Verve Reissues,verv reissu,1,,,,,,
10 Summers ,10 summer  interscop p,2, Interscope PS,,,,,
10 Summers,10 summersinterscop record,2,Interscope Records,,,,,
Not Fit For Society,not fit for societyrca record,2,RCA Records,,,,,
UMC (Universal Music Catalogue),umc  univers music catalogu ,1,,,,,,
Gallo Record Company,gallo record compani,1,,,,,,
2605875 Records DK,2605875 record dk,1,,,,,,
RCA Victor,rca victor,1,,,,,,
Otto Dynamite,otto dynamiterca record,2,RCA Records,,,,,
Republic Records,republ recordsmoon project   ,2,Moon Projects LLC.,,,,,
Shady,shadyaftermathinterscop record,3,Aftermath,Interscope Records,,,,
Disruptor Records,disruptor recordsarista record,2,Arista Records,,,,,
EMTEE RECORDS ,emte record  empir,2, EMPIRE,,,,,
eMtee Records,emte record,1,,,,,,
1501 Certified Ent,1501 certifi entwarn record,2,Warner Records,,,,,
WM Korea,wm korea,1,,,,,,
ATTRAKT,attrakt,1,,,,,,
BahdGuys Entertainment,bahdguy entertain,1,,,,,,
Sony Music Latin,soni music latin,1,,,,,,
Sginci Media ,sginci medium  durban base,2, Durban Base,,,,,
Sginci Media,sginci medium,1,,,,,,
YBNL Nation ,ybnl nation  empir,2, EMPIRE,,,,,
RichFish,richfishcolumbia,2,Columbia,,,,,
R-CitY Recodz,rciti recodz,1,,,,,,
Rhino,rhinowarn record,2,Warner Records,,,,,
Cinematic,cinematicepicw the best,3,Epic,We The Best,,,,
'94 Sounds,94 soundsrca record,2,RCA Records,,,,,
Vth Season,vth season18 area hold,2,18 Area Holdings,,,,,
Major League Music,major leagu music,1,,,,,,
Machine Shop,machin shopwarn record,2,Warner Records,,,,,
Not specified,not specifi,1,,,,,,
VCK Music,vck music,1,,,,,,
Globe Field,globe field,1,,,,,,
Blonded,blond,1,,,,,,
Red Zone Entertainment ,red zone entertain  idj,2, IDJ,,,,,
Boys Don't Cry,boy do nt cri,1,,,,,,
Doomshop Records,doomshop recordsrca record,2,RCA Records,,,,,
Bad Boy Entertainment,bad boy entertainmentep record,2,Epic Records,,,,,
Epic,epicbad boy entertain,2,Bad Boy Entertainment,,,,,
Jay O Records,jay o record,1,,,,,,
FRIDAYY PS,fridayi  def jam,2, Def Jam,,,,,
Epic,epicfreebandz,2,Freebandz,,,,,
Wilburn Holding Co.,wilburn hold coboominatiepicrepubl,4,Boominati,Epic,Republic,,,
Generation Now,gener nowatlant,2,Atlantic,,,,,
Epic,epicfreebandzgrad ainterscop,4,Freebandz,Grade A,Interscope,,,
Wilburn Holding Co.,wilburn hold coep,2,Epic,,,,,
Epic,epicfreebandza1,3,Freebandz,A1,,,,
Machine Entertainment Group - G Herbo,machin entertain group  g herbo,1,,,,,,
BPG,bpgrvgrca record,3,RVG,RCA Records,,,,
7416012 Records DK,7416012 record dk,1,,,,,,
Honesty Saves Time,honesti save timerca record,2,RCA Records,,,,,
Atlantic,atlanticarthous record,2,Arthouse Records,,,,,
Epic,epicnot so fast,2,Not So Fast,,,,,
Gaba Cannal Music,gaba cannal music,1,,,,,,
Theko Price,theko price,1,,,,,,
Spinnin' Records,spinnin  record,1,,,,,,
Producer Kitchen Concept,produc kitchen concept,1,,,,,,
Music Aggregator,music aggreg,1,,,,,,
Rudebouy Major,rudebouy major,1,,,,,,
2023 HGA,2023 hgalvrn record  love renaiss ,2,LVRN Records (Love Renaissance),,,,,
Gigi Perez,gigi perez,1,,,,,,
Gigi Perez PS,gigi perez  island,2, Island,,,,,
CMG,cmginterscop record,2,Interscope Records,,,,,
WM UK,wm ,1,,,,,,
Dingaans Day Ent,dingaan day ,1,,,,,,
Some Action,some action,1,,,,,,
Lea Records,lea record,1,,,,,,
Gracie Abrams under exclusive license to Interscope Records,graci abram  under exclus licens to interscop record,1,,,,,,
Guwop Enterprises,guwop enterprisesatlant,2,Atlantic,,,,,
SM Entertainment West Africa Limited,sm entertain west africa limit,1,,,,,,
Hooch Entertainment Group,hooch entertain grouphooch event,2,Hooch Events,,,,,
Republic,republicuniversalfsf,3,Universal,FSF,,,,
Universal Music India Pvt Ltd.,univers music india pvt  ,1,,,,,,
Relentless Records,relentless record,1,,,,,,
DrumbossMusik,drumbossmusik,1,,,,,,
Drumboss Musik,drumboss musik,1,,,,,,
Hillsong Music and Resources LLC,hillsong music and resourc ,1,,,,,,
Big Fish.,big fish ,1,,,,,,
Rubyworks ,rubywork  universalisland record ,2, Universal-Island Records Ltd,,,,,
Early A.M,earli am,1,,,,,,
famifellaz Entertainment Group,famifellaz entertain group,1,,,,,,
INTERWORLD,interworld,1,,,,,,
Ingoma,ingoma,1,,,,,,
Kreativekornerr,kreativekornerr,1,,,,,,
10K Projects,10k projectscapitol record,2,Capitol Records,,,,,
Worldstar,worldstar,1,,,,,,
Heavy On It,heavi on it10k projectscapitol record,3,10K Projects,Capitol Records,,,,
Kid Ina Korner ,kid ina korner  interscop,2, Interscope,,,,,
KIDinaKORNER,kidinakornerinterscop record,2,Interscope Records,,,,,
Musical Freedom,music freedom,1,,,,,,
INKOS'YAMAGCOKAMA,inkosyamagcokama,1,,,,,,
Internet Money Records,internet money records tenthousand project,2, TenThousand Projects,,,,,
Internet Money ,internet money  10k project,2, 10K Projects,,,,,
Intimate Worshippers,intim worshipp,1,,,,,,
Top Dawg Entertainment,top dawg entertainmentwarn record,2,Warner Records,,,,,
3144991 Records DK,3144991 record dk,1,,,,,,
Issa Sisdoh,issa sisdoh,1,,,,,,
6365723 Records DK,6365723 record dk,1,,,,,,
Universal Music Latino,univers music latino neon16,2, NEON16,,,,,
B.M.T ENTERTAINMENT,bmt entertain,1,,,,,,
Dreamville Inc. Under exclusive license to Roc Nation Records,dreamvil    under exclus licens to roc nation record,1,,,,,,
J. Cole P&D,j cole p  d,1,,,,,,
Cole World Inc. under exclusive license to Interscope Records,cole world   under exclus licens to interscop record,1,,,,,,
Roc Nation Records LLC,roc nation record ,1,,,,,,
Roc Nation LLC,roc nation ,1,,,,,,
Cactus Jack ,cactu jack  epic,2, Epic,,,,,
Dreamville,dreamvilleinterscop,2,Interscope,,,,,
JVKE,jvke,1,,,,,,
Cash Money Records,cash money record,1,,,,,,
MSFTSMusic ,msftsmusic  roc nation record  ,2, Roc Nation Records LLC,,,,,
MSFTSMusic ,msftsmusic  roc nation record,2, Roc Nation Records,,,,,
stop tryna see who put this out,stop tryna see who put thi out,1,,,,,,
Columbia Local,columbia local,1,,,,,,
WM Australia,wm australia,1,,,,,,
Universal Music Canada,univers music canada,1,,,,,,
Riri AJ Entertainment,riri  entertain,1,,,,,,
Janesh,janesh,1,,,,,,
Beluga Heights,beluga heightswarn record,2,Warner Records,,,,,
Future History,futur historyartist partner group   ,2,Artist Partner Group Inc.,,,,,
Robots & Humans,robot  human,1,,,,,,
Southeastern Records,southeastern record,1,,,,,,
Atlantic Records,atlant recordsatg,2,ATG,,,,,
Roc Nation LLC,roc nation  ,1,,,,,,
1713874 Records DK,1713874 record dk,1,,,,,,
Jay Music Production,jay music product,1,,,,,,
Black Panther (TDE,black panther  tdedmg  p,2,DMG) PS,,,,,
Top Dawg Ent.,top dawg entinterscop record,2,Interscope Records,,,,,
The Flight Club Records,the flight club record,1,,,,,,
Sixxtune Africa (Pty) Ltd,sixxtun africa  pti  ,1,,,,,,
Jaziel Music Productions,jaziel music product,1,,,,,,
JazziDisciples ENT,jazzidiscipl ,1,,,,,,
Jeremy Loops,jeremi loop,1,,,,,,
Lava Music,lava musicrepubl record,2,Republic Records,,,,,
FMLY,fmli,1,,,,,,
Jnr Choi,jnr choiep,2,Epic,,,,,
Feel Good Music,feel good music,1,,,,,,
emPawa Africa Limited,empawa africa limit,1,,,,,,
Perfect Havoc ,perfect havoc  asylum record,2, Asylum Records,,,,,
Cutthroat Records,cutthroat record,1,,,,,,
G.O.O.D. Music,good  musiccolumbia,2,Columbia,,,,,
EMI Catalogue,emi catalogu,1,,,,,,
Scatterlings,scatterl,1,,,,,,
88rising Music,88rise music12ton music  llccolumbia,3,12Tone Music LLC,Columbia,,,,
88rising Music,88rise musicwarn record,2,Warner Records,,,,,
Capitol Records (CAP),capitol record  cap ,1,,,,,,
Positiva,positiva,1,,,,,,
Jonas Brothers Recording,jona brother record,1,,,,,,
Jonas Brothers,jona brother,1,,,,,,
Indigo Kid Records,indigo kid record,1,,,,,,
19 Recordings,19 record,1,,,,,,
FAMM,famm,1,,,,,,
Atlantic Records ,atlant record  raedio,2, Raedio,,,,,
De Disciple Tradings,de discipl trade,1,,,,,,
De Disciple Records,de discipl record,1,,,,,,
Joyner Lucas,joyner luca,1,,,,,,
Dead Silence,dead silenceatlant,2,Atlantic,,,,,
Twenty Nine Music Group (Joyner Lucas),twenti nine music group  joyner luca ,1,,,,,,
Twenty Nine Music Group,twenti nine music group,1,,,,,,
JRECORDS,jrecord,1,,,,,,
Rare Breed Entertainment,rare breed entertain,1,,,,,,
Juice WRLD Mixtape ,juic wrld mixtap  isr p  d,2, ISR P&D,,,,,
Grade A Productions,grade a productionsinterscop record,2,Interscope Records,,,,,
Juice WRLD ,juic wrld  interscop p,2, Interscope PS,,,,,
Grade A,grade apostyinterscoperepubl,4,Posty,Interscope,Republic,,,
J,jrepubl,2,Republic,,,,,
Katara Studios | 2101 Records under exclusive license to UnitedMasters LLC,katara studio  2101 record under exclus licens to unitedmast ,1,,,,,,
Rocka Empire,rocka empir,1,,,,,,
RBMG,rbmgdef jam,2,Def Jam,,,,,
Justin Bieber 2021 PS,justin bieber 2021  def jam,2, Def Jam,,,,,
Friends Keep Secrets,friend keep secretsdef jam recordingsinterscop record,3,Def Jam Recordings,Interscope Records,,,,
RARE Sound ,rare sound  interscop  empir,3, Interscope , EMPIRE,,,,
TUSA - Karol G & Nicki Minaj,tusa  karol g  nicki minaj,1,,,,,,
Matt Records ,matt record  empir,2, EMPIRE,,,,,
independently popular.,independ popular ,1,,,,,,
Piano Hub (PTY) LTD,piano hub  pti  ,1,,,,,,
AMP production record,amp product record,1,,,,,,
NEW MONEY GANG  PIANO HUB & JACQUEL ENTERTAINMENT GROUP,new money gang  piano hub  jacquel entertain group,1,,,,,,
Gentle Soul Records,gentl soul record,1,,,,,,
Matiwane Records (PTY) LTD,matiwan record  pti  ,1,,,,,,
Geffen Records,geffen record,1,,,,,,
EMI ,emi  interscop,2, Interscope,,,,,
Kamo Mphela Entertainment,kamo mphela entertain,1,,,,,,
KAMO MPHELA ENTERTAINMENT,kamo mphela entertain,1,,,,,,
RCA Records Label Nashville,rca record label nashvil,1,,,,,,
Rock The World,rock the worldidjkany lp7,3,IDJ,Kanye LP7,,,,
Rock The World,rock the worldidjkanyelp6,4,IDJ,Kanye,LP6,,,
Getting Out Our Dreams II ,get out our dream ii  def jam record,2, Def Jam Recordings,,,,,
Roc-A-Fella,rocafella,1,,,,,,
Getting Out Our Dreams II LLC ,get out our dream ii    def jam record,2, Def Jam Recordings,,,,,
Sparrow (SPR),sparrow  spr ,1,,,,,,
Potential Records,potenti record,1,,,,,,
Kaylow Publishing,kaylow publish,1,,,,,,
TSNMI ,tsnmi  atlant,2, Atlantic,,,,,
Kelvin Momo Productions,kelvin momo product,1,,,,,,
Piano Hub (Pty) Ltd,piano hub  pti  ,1,,,,,,
pgLang,pglangtop dawg entertainmentaftermathinterscop record,4,Top Dawg Entertainment,Aftermath,Interscope Records,,,
Kendrick Lamar under exclusive license to Interscope Records,kendrick lamar  under exclus licens to interscop record,1,,,,,,
pgLang under exclusive license to Interscope Records,pglang  under exclus licens to interscop record,1,,,,,,
Kendrick Lamar under exclusive license to Interscope Records,kendrick lamar under exclus licens to interscop record,1,,,,,,
Major Recordings,major record,1,,,,,,
Warner Records,warner recordsmajor record,2,Major Recordings,,,,,
Beeskraal Cowpunk,beeskraal cowpunk,1,,,,,,
Bread Winners' Association,bread winner  associationatlant,2,Atlantic,,,,,
Good Shepherd Productions,good shepherd product,1,,,,,,
Right Hand Music Group LLC,right hand music group  llcrca record,2,RCA Records,,,,,
Superstar Studios,superstar studio,1,,,,,,
4397321 Records DK,4397321 record dk,1,,,,,,
Unity Music Africa,uniti music africa,1,,,,,,
5932550 Records DK,5932550 record dk,1,,,,,,
Soweto Music & Entertainment Academy,soweto music  entertain academi,1,,,,,,
Killorbeez Records,killorbeez record,1,,,,,,
Wuhn Shot Entertainment,wuhn shot entertain,1,,,,,,
MODANA ENTERTAINMENT,modana entertain,1,,,,,,
King Monada Music,king monada music,1,,,,,,
Moreki Music,moreki music,1,,,,,,
Zelig Records LLC.,zelig record  llccolumbia record,2,Columbia Records,,,,,
FlyBoy INC ,flyboy   empir,2, EMPIRE,,,,,
EMPIRE,empir,1,,,,,,
APG Inc – FF10,apg   ff10,1,,,,,,
Atlantic,atlanticsnip gang,2,Sniper Gang,,,,,
Nazma,nazma,1,,,,,,
TAYO Projects ,tayo project  the t effect,2, The T Effect,,,,,
Kordhell,kordhel,1,,,,,,
So Vinci,so vinci,1,,,,,,
Dope Dreams Co.,dope dream  ,1,,,,,,
Sundance Music,sundanc music,1,,,,,,
Kygo,kygo,1,,,,,,
Palm Tree Records,palm tree recordsrca record,2,RCA Records,,,,,
Kygo,kygorca record,2,RCA Records,,,,,
This Ain't Bristol,thi ai nt bristol,1,,,,,,
LIMIT NALA MUSIC,limit nala music,1,,,,,,
Lloud Co.,lloud corca record,2,RCA Records,,,,,
Masterworks,masterwork,1,,,,,,
Lady Du Entertainment,ladi du entertain,1,,,,,,
Wa Wa,wa waemexte,2,EMEXTEE,,,,,
A Star is Born OST,a star is born ost,1,,,,,,
Centricity Music,centric musicwarn record,2,Warner Records,,,,,
Three Name Productions Inc.,three name product   island record  republ record,2, Island Records & Republic Records,,,,,
Lauv,lauv,1,,,,,,
Artist Partner Group Inc.,artist partner group   ,1,,,,,,
Leah Kate under exclusive license to 10K Projects ,leah kate  under exclus licens to 10k project  mddn,2, MDDN,,,,,
VILLAIN MUSIQ,villain musiq,1,,,,,,
VILLAIN MUSIQ ,villain musiq  top tier music  empir,3, Top Tier Music , EMPIRE,,,,
VILLAIN MUSIQ ,villain musiq  empir,2, EMPIRE,,,,,
Integrity Music,integr music,1,,,,,,
Indigenous Tunes,indigen tune,1,,,,,,
Salani Records,salani record,1,,,,,,
Str8 Reload Ent,str8 reload ,1,,,,,,
Roy Bulkin Music,roy bulkin music,1,,,,,,
EZMNY Records,ezmni recordsmotown record,2,Motown Records,,,,,
Syco Music UK,syco music ,1,,,,,,
Vertigo Berlin,vertigo berlin,1,,,,,,
Quality Control Music,qualiti control musicmotown record,2,Motown Records,,,,,
Quality Control Music,qualiti control musicyoung stoner life record  a 300 entertain labelmotown recordscapitol record,4,Young Stoner Life Records a 300 Entertainment Label,Motown Records,Capitol Records,,,
Quality Control,qualiti controlmotown record,2,Motown Records,,,,,
Quality Control Music (Caroline),qualiti control music  carolin ,1,,,,,,
Quality Control Music,qualiti control musicalamo recordsmotown record,3,Alamo Records,Motown Records,,,,
Commission,commissionbmg,2,BMG,,,,,
Alamo,alamo,1,,,,,,
Lil Mabu,lil mabu,1,,,,,,
Mogul Vision,mogul visioninterscop record,2,Interscope Records,,,,,
All We Got Ent.,all we got  ,1,,,,,,
Galactic Records,galact recordslil tecca,2,Lil Tecca,,,,,
Galactic ,galact  republ record,2, Republic Records,,,,,
Galactic Records,galact recordsrepubl record,2,Republic Records,,,,,
sped up nightcore,sped up nightcor,1,,,,,,
Young Money Records Inc.,young money record   ,1,,,,,,
CM,cmrepubl,2,Republic,,,,,
Quality Control Music,qualiti control musicmotown recordscapitol record,3,Motown Records,Capitol Records,,,,
Lindough,lindough,1,,,,,,
Otarel Music,otarel music,1,,,,,,
Lithe,lith,1,,,,,,
Liwn361,liwn361,1,,,,,,
The Whole Time Entertainment,the whole time entertain,1,,,,,,
Nice Life,nice lifeatlant,2,Atlantic,,,,,
Harbour Artists & Music,harbour artist  music,1,,,,,,
I.G. Records Inc.,ig  record  incunivers record,2,Universal Records,,,,,
Punyete Premier League,punyet premier leagu,1,,,,,,
KORATORI,koratori,1,,,,,,
Metallic Music,metal music1789,2,1789,,,,,
Play It Again Sam,play it again sam,1,,,,,,
Universal Music New Zealand Limited,univers music new zealand limit,1,,,,,,
Found Frequencies,found frequenc,1,,,,,,
Epic Amsterdam,epic amsterdam,1,,,,,,
Armada Music,armada music,1,,,,,,
Louis The Child ,loui the child  interscop,2, Interscope,,,,,
Keep Cool,keep coolrca record,2,RCA Records,,,,,
Beja Music,beja music,1,,,,,,
Nineleven Music,nineleven music,1,,,,,,
Sweat It Out,sweat it out,1,,,,,,
Luxury SA Entertainment,luxuri  entertain,1,,,,,,
Colour Vision Records,colour vision recordssoni music entertain,2,Sony Music Entertainment,,,,,
MENZI MUSIC PRODUCTION,menzi music product,1,,,,,,
Columbia,columbiam2v,2,M2V,,,,,
Asante Music,asant music,1,,,,,,
Mawhoo,mawhoo,1,,,,,,
MaWhoo Entertainment,mawhoo entertain,1,,,,,,
Goldproductions,goldproduct,1,,,,,,
M2N Services,m2n servic,1,,,,,,
Bad Boy,bad boyinterscop record,2,Interscope Records,,,,,
Bad Boy ,bad boy  interscop,2, Interscope,,,,,
Access Records,access record,1,,,,,,
Epic,epics it loud,2,Sing It Loud,,,,,
Madison,madisonamerican recordingsrepubl,3,American Recordings,Republic,,,,
4713726 Records DK,4713726 record dk,1,,,,,,
Kalawa Jazmee,kalawa jazme,1,,,,,,
NITRON music,nitron music,1,,,,,,
Major Keys Records,major key record,1,,,,,,
Third Pardee Records,third parde record,1,,,,,,
Major Lazer Records,major lazer record,1,,,,,,
Mad Decent,mad decent,1,,,,,,
Major League Music Under Exclusive License to emPawa Africa Limited,major leagu music under exclus licens to empawa africa limit,1,,,,,,
Makhadzi Entertainment,makhadzi entertain,1,,,,,,
EMI South Africa,emi south africa,1,,,,,,
Vatic Space,vatic space,1,,,,,,
Ujuu Records,ujuu record,1,,,,,,
Columbia Nashville,columbia nashvil,1,,,,,,
One Umbrella,one umbrellarca record,2,RCA Records,,,,,
J Records,j recordslegaci,2,Legacy,,,,,
Hundred Days Records LLC,hundr day record  ,1,,,,,,
Interscope Records*,interscop record ,1,,,,,,
Monstercat,monstercat,1,,,,,,
Astralwerks,astralwerk,1,,,,,,
Joytime Collective,joytim collectivegrad a productionsinterscop record,3,Grade A Productions,Interscope Records,,,,
Joytime Collective,joytim collect,1,,,,,,
Marshmello,marshmellorepubl,2,Republic,,,,,
Joytime Collective,joytim collectiverca record,2,RCA Records,,,,,
"Marshmello ""Tongue Tied"" ft Yungblud & blackbear",marshmello  tongu tie  ft yungblud  blackbear,1,,,,,,
Joytime Collective,joytim collectiverca recordseffect record,3,RCA Records,Effective Records,,,,
Joytime Collective,joytim collectivecolumbia,2,Columbia,,,,,
EQT Recordings,eqt recordingscapitol record,2,Capitol Records,,,,,
OuttaThisWorld,outtathisworld,1,,,,,,
Mashudu Mosoeu,mashudu mosoeu,1,,,,,,
3446464 Records DK,3446464 record dk,1,,,,,,
Muji Records,muji record,1,,,,,,
ONE FIFTY EMPIRE ,one fifti empir gamma ,2,gamma.,,,,,
MMG,mmgatlant,2,Atlantic,,,,,
Sky Heaven (PTY) LTD,ski heaven  pti  ,1,,,,,,
Hot Girl Productions,hot girl product,1,,,,,,
Mellow and Sleazy (Pty) Ltd,mellow and sleazi  pti  ,1,,,,,,
LeparaLaTipa,leparalatipa,1,,,,,,
Kombelani,kombelani,1,,,,,,
Aurora Black,aurora black,1,,,,,,
Mayhem Operations,mayhem oper,1,,,,,,
No Dout Records,no dout record,1,,,,,,
143,143repris,2,Reprise,,,,,
Reprise,repris,1,,,,,,
Epic,epiclegaci,2,Legacy,,,,,
Mid9t,mid9t,1,,,,,,
North West Sound Recordings,north west sound record,1,,,,,,
Quality Control Music,qualiti control music,1,,,,,,
ByStorm Entertainment,bystorm entertainmentrca record,2,RCA Records,,,,,
Monster Mountain LLC ,monster mountain    island,2, Island,,,,,
Mike WiLL Made-It,mike will madeit,1,,,,,,
Creed 2 Soundtrack,creed 2 soundtrack,1,,,,,,
Dead Oceans,dead ocean,1,,,,,,
3262181 Records DK,3262181 record dk,1,,,,,,
Bula Music,bula music,1,,,,,,
Black Circle ,black circl  empir,2, EMPIRE,,,,,
Lord’s Child LLC,lord  s child  ,1,,,,,,
Rapture Music Group,raptur music group,1,,,,,,
Big Loud Records ,big loud record  mercuri record  republ record,3, Mercury Records , Republic Records,,,,
Black Is Brown Ent & Prime Hold Consulting,black is brown   prime hold consult,1,,,,,,
Black Is Brown Entertainment,black is brown entertain,1,,,,,,
Tronics Land,tronic land,1,,,,,,
Left Lane Recordings,left lane record,1,,,,,,
ALTBLK (Oneshushuday),altblk  oneshushuday ,1,,,,,,
Insika Yethonga,insika yethonga,1,,,,,,
Lushazi Projects & Management,lushazi project  manag,1,,,,,,
Global Media Group,global medium group,1,,,,,,
Mthandeni Music Production,mthandeni music product,1,,,,,,
Supergiant Records LLC ,supergi record    def jam record,2, Def Jam Recordings,,,,,
Muni Long PS,muni long  def jam,2, Def Jam,,,,,
Murumba Pitch,murumba pitch,1,,,,,,
TAYO Projects,tayo project,1,,,,,,
Keys Records,key record,1,,,,,,
Musical Jazz Entertainment,music jazz entertain,1,,,,,,
Muskat,muskat,1,,,,,,
10 Summers Records,10 summer recordsinterscop record,2,Interscope Records,,,,,
Matjita Ent,matjita entamana ka  music,2,Amana ka! Music,,,,,
BAQAZILE ENTERTAINMENT,baqazil entertain,1,,,,,,
Ville Records,vill record,1,,,,,,
i am OTHER,i am othercolumbia,2,Columbia,,,,,
XO Records ,xo record  republ record,2, Republic Records,,,,,
XO Records LLC and Republic Records,xo record   and republ record,1,,,,,,
NF Real Music II,nf real music ii,1,,,,,,
NF Real Music,nf real music,1,,,,,,
No Love Entertainment,no love entertain,1,,,,,,
Loxion Records,loxion record,1,,,,,,
EMI,emiemi record  usa ,2,EMI Records (USA),,,,,
Naleboy Music,naleboy music,1,,,,,,
Naledi Aphiwe,naledi aphiw,1,,,,,,
Durban Base Entertainment,durban base entertain,1,,,,,,
Stena Academy,stena academi,1,,,,,,
Mass Appeal,mass appeal,1,,,,,,
Mass Appeal ,mass appeal  na,2, NAS,,,,,
Coke Studio Africa,coke studio africa,1,,,,,,
CAPITOL CATALOG MKT (C92),capitol catalog mkt  c92 ,1,,,,,,
Sony Music CG,soni music cg,1,,,,,,
Execution Lab,execut lab,1,,,,,,
Isekai Records,isekai record,1,,,,,,
Indumezulu Music,indumezulu music,1,,,,,,
Def Soul,def soul,1,,,,,,
Milkshake,milkshak,1,,,,,,
Nemzzz,nemzzz,1,,,,,,
Dreaming Out Loud Entertainment,dream out loud entertain,1,,,,,,
Young Money,young moneycash money record,2,Cash Money Records,,,,,
Nicki Minaj,nicki minajcash money,2,Cash Money,,,,,
Thirty Knots,thirti knotscolumbia,2,Columbia,,,,,
DRUMROLL RECORDS,drumrol record,1,,,,,,
Six Course Music Group,six cours music grouprca record,2,RCA Records,,,,,
Spaceship Records ,spaceship record  empir,2, EMPIRE,,,,,
4079389 Records DK,4079389 record dk,1,,,,,,
Nkosazana Daughter,nkosazana daughter,1,,,,,,
Mercury Records,mercuri recordsrepubl record,2,Republic Records,,,,,
Ndlovukazi Entertainment,ndlovukazi entertain,1,,,,,,
Redbox Entertainment,redbox entertain,1,,,,,,
Emazulwini Productions,emazulwini product,1,,,,,,
Sginci Media ,sginci medium  empir,2, EMPIRE,,,,,
YONDER MUSIC,yonder music,1,,,,,,
Groove Natives Productions,groov nativ product,1,,,,,,
Groove Natives,groov nativ,1,,,,,,
LB Recordings,lb record,1,,,,,,
Big Brother,big brother,1,,,,,,
2024 OVMBR,2024 ovmbrlvrn record  love renaiss ,2,LVRN Records (Love Renaissance),,,,,
3054065 Records DK,3054065 record dk,1,,,,,,
Clava ent,clava ,1,,,,,,
Slaughter Gang LLC,slaughter gang  llcepicqu control musicmotowncapitolboominati worldwiderepubl,7,Epic,Quality Control Music,Motown,Capitol,Boominati Worldwide,Republic
Olefied Music,olefi music,1,,,,,,
Olivia Rodrigo PS,olivia rodrigo p,1,,,,,,
KeyQaad,keyqaad,1,,,,,,
STRXXTA WXRLD,strxxta wxrld,1,,,,,,
Mosley ,mosley  interscop,2, Interscope,,,,,
Mosley Music,mosley musicinterscop record,2,Interscope Records,,,,,
The Ashmed Hour Records,the ashm hour record,1,,,,,,
Strictly Music Concepts,strictli music concept,1,,,,,,
Cooper Entertainment,cooper entertain,1,,,,,,
Ama Roto Entertainment,ama roto entertain,1,,,,,,
DCD2 ,dcd2  fuel by ramen,2, Fueled By Ramen,,,,,
Decaydance,decaydancefuel by ramen,2,Fueled By Ramen,,,,,
Luna Rising Music,luna rise music,1,,,,,,
Black Crow Records,black crow record,1,,,,,,
Paul McCartney Catalog,paul mccartney catalog,1,,,,,,
The CCP Record Company (Pty) Limited,the ccp record compani  pti  limit,1,,,,,,
Petit Biscuit Music,petit biscuit music,1,,,,,,
Dream Chaser Music,dream chaser music,1,,,,,,
Riidiimacool,riidiimacool,1,,,,,,
Rii Collective,rii collect,1,,,,,,
4144611 Records DK,4144611 record dk,1,,,,,,
Piano City,piano citi,1,,,,,,
AWGE Label,awg label,1,,,,,,
AWGE,awgeinterscop record,2,Interscope Records,,,,,
Bearthday Music LLC,bearthday music  ,1,,,,,,
Victor Victor Worldwide,victor victor worldwid,1,,,,,,
Victor Victor Worldwide ,victor victor worldwid  republ record,2, Republic Records,,,,,
Victor Victor Worldwide,victor victor worldwiderepubl record,2,Republic Records,,,,,
Mercury Records ,mercuri record  republ record,2, Republic Records,,,,,
Steyn Entertainment,steyn entertain,1,,,,,,
STAY LOW,stay low,1,,,,,,
Lane Records,lane record,1,,,,,,
Pushkin and Springle,pushkin and springl,1,,,,,,
Pushkin & Springle,pushkin  springl,1,,,,,,
Fyve,fyve,1,,,,,,
Cloud9ne Entertainment,cloud9n entertain,1,,,,,,
EntityDeep Media Agency,entitydeep medium agenc,1,,,,,,
CYB3RPVNK,cyb3rpvnk,1,,,,,,
Human Re Sources,human re sourc,1,,,,,,
Best Laid Plans,best laid planscolumbia,2,Columbia,,,,,
Ministry of Sound Recordings,ministri of sound record,1,,,,,,
Mostiko,mostiko,1,,,,,,
Mavin Records,mavin recordsjonz world,2,Jonzing World,,,,,
Mavin Records ,mavin record  jonz world,2, Jonzing World,,,,,
Winnkay Music,winnkay music,1,,,,,,
Internet Money Records ,internet money record  10k project,2, 10K Projects,,,,,
Rich The Kid ,rich the kid   tdeisr p ,3, (TDE,ISR PS),,,,
Richy Mitch & The Coal Miners,richi mitch  the coal miner,1,,,,,,
Maybach Music Group under exclusive license to gamma.,maybach music group under exclus licens to gamma ,1,,,,,,
Roc Nation ,roc nation  rihanna,2, Rihanna,,,,,
Anolabex (Pty) Ltd,anolabex  pti  ,1,,,,,,
Mabala Noise Entertainment,mabala nois entertain,1,,,,,,
WM Germany,wm germani,1,,,,,,
Dryden Street,dryden street,1,,,,,,
Silver Merci,silver merci,1,,,,,,
Nvak Collective,nvak collect,1,,,,,,
Sedi La Keba,sedi la keba,1,,,,,,
Promised Land Recordings,promis land record,1,,,,,,
Russ My Way Inc,rus my way ,1,,,,,,
DIEMON ,diemon  ed sheeran appear courtesi of asylum record ,2, Ed Sheeran appears courtesy of Asylum Records UK,,,,,
5660561 Records DK,5660561 record dk,1,,,,,,
SALES,sale,1,,,,,,
Photo Finish Records,photo finish record,1,,,,,,
Jozi Entertainment,jozi entertain,1,,,,,,
SUPTA,supta,1,,,,,,
Top Dawg Entertainment,top dawg entertainmentrca record,2,RCA Records,,,,,
Hybrid Music Collective,hybrid music collect,1,,,,,,
vmg,vmghybrid,2,Hybrid,,,,,
Indoni Music Production and Events,indoni music product and event,1,,,,,,
Spinnin' Remixes,spinnin  remix,1,,,,,,
Capitol Records UK ,capitol record   emi,2, EMI,,,,,
Youbuntu,youbuntu,1,,,,,,
Sanny Jama,sanni jama,1,,,,,,
Sannere Music,sanner music,1,,,,,,
ICY,icywarn record,2,Warner Records,,,,,
ICY,icyartistri recordswarn record,3,Artistry Records,Warner Records,,,,
The T Effect,the t effect,1,,,,,,
SayFar PTY LTD,sayfar pti ,1,,,,,,
Top Dawg Entertainment,top dawg entertainmentinterscop record,2,Interscope Records,,,,,
Gipa Entertainment,gipa entertain,1,,,,,,
Scotts Maphuma,scott maphuma,1,,,,,,
Sweet Jane Recordings,sweet jane record,1,,,,,,
Universal Music AS,univers music a,1,,,,,,
Selena Gomez Latin Project,selena gomez latin project,1,,,,,,
Selena Gomez PS,selena gomez p,1,,,,,,
JOZI ENTERTAINMENT,jozi entertain,1,,,,,,
The Oat Records,the oat record,1,,,,,,
LiftedSoul Entertainment,liftedsoul entertain,1,,,,,,
Twisted Elegance,twist eleg,1,,,,,,
gamma. ,gamma   atlant record,2, Atlantic Records,,,,,
Open Shift,open shiftgamma ,2,gamma.,,,,,
Rebel,rebelgamma ,2,gamma.,,,,,
Sfarzo Rtee Music (pty) LTD,sfarzo rtee music  pti  ,1,,,,,,
Rethabile Setwaba,rethabil setwaba,1,,,,,,
Sha Sha,,1,,,,,,
Black Major,black major,1,,,,,,
American Dogwood ,american dogwood  empir,2, EMPIRE,,,,,
Boss Entertainment (Pty) Ltd,bos entertain  pti  ,1,,,,,,
Kreative Kornerr,kreativ kornerr,1,,,,,,
Shandesh Music,shandesh music,1,,,,,,
LoudNoise Musiq,loudnois musiq,1,,,,,,
Eagle Entertainment,eagl entertain,1,,,,,,
Kgaday,kgaday,1,,,,,,
Shawn Mendes LP4-5 PS,shawn mend lp45  island,2, Island,,,,,
The Royal Media House Group,the royal medium hous group,1,,,,,,
4596337 Records DK,4596337 record dk,1,,,,,,
Naqua Production,naqua product,1,,,,,,
Cactus Jack Records,cactu jack records good  music interscop record,3, G.O.O.D. Music, Interscope Records,,,,
Flourish and Multiply,flourish and multipli,1,,,,,,
Hell Beach,hell beach,1,,,,,,
Monkey Puzzle Records,monkey puzzl recordsrca record,2,RCA Records,,,,,
Monkey Puzzle,monkey puzzleatlant,2,Atlantic,,,,,
Sino Msolo Records,sino msolo record,1,,,,,,
Sir Trill Music,sir trill music,1,,,,,,
Sista Prod,sista prodatlant,2,Atlantic,,,,,
KOTIN RECORDS,kotin record,1,,,,,,
Sizwe Nineteen,sizw nineteen,1,,,,,,
1020 Cartel,1020 cartel,1,,,,,,
SjavasDaDeejay,sjavasdadeejay,1,,,,,,
OWSLA,owslaatlant,2,Atlantic,,,,,
Shady Records,shadi recordsinterscop record,2,Interscope Records,,,,,
1211 Group,1211 group,1,,,,,,
Winners Circle,winner circlerca record,2,RCA Records,,,,,
Winners Circle Entertainment Inc ,winner circl entertain   empir,2, EMPIRE,,,,,
Roadrunner Records,roadrunn record,1,,,,,,
2179018 Records DK,2179018 record dk,1,,,,,,
Maskandi Heavyweight ,maskandi heavyweight  empir,2, EMPIRE,,,,,
Artium Recordings LLC under exclusive license to Roc Nation Records LLC,artium record    under exclus licens to roc nation record  ,1,,,,,,
Artium Recordings LLC,artium record  ,1,,,,,,
Soa Music Group,soa music group,1,,,,,,
Soa Family,soa famili,1,,,,,,
Silent Records ,silent record  social hous,2, Social House,,,,,
WEA Latina,wea latina,1,,,,,,
Ultra Records,ultra record,1,,,,,,
Saint Records,saint recordscolumbia,2,Columbia,,,,,
Sony Music Special Projects,soni music special project,1,,,,,,
Sonder,sonder,1,,,,,,
Sonder Global,sonder global,1,,,,,,
Sonwabile,sonwabil,1,,,,,,
Spirit Music,spirit music,1,,,,,,
Spoegwolf (Pty) Ltd.,spoegwolf  pti   ,1,,,,,,
Spoegwolf (Pty) Ltd,spoegwolf  pti  ,1,,,,,,
Rebel Music PS,rebel music p,1,,,,,,
Tinted Records,tint record,1,,,,,,
L-M Records,lm recordsrca record,2,RCA Records,,,,,
Three Quarter,three quarter,1,,,,,,
stillaround,stillaround,1,,,,,,
EARLY A.M,earli am,1,,,,,,
EARLY AM,earli am,1,,,,,,
Stixx Music House,stixx music hous,1,,,,,,
#Merky Records,merki record,1,,,,,,
Republic Records - Stray Kids,republ record  stray kid,1,,,,,,
Riot Games,riot game,1,,,,,,
Under Da Sun,under  sun,1,,,,,,
EL World Music,el world music,1,,,,,,
El World,el world,1,,,,,,
El-World,elworld,1,,,,,,
The Seventh Day; ℗ under exclusive license to INKANYEZI HOLDINGS 2023 ©,the seventh day   under exclus licens to inkanyezi hold 2023 ,1,,,,,,
Superstar Pride,superstar pride,1,,,,,,
Superstar Pride under exclusive license to UnitedMasters LLC,superstar pride under exclus licens to unitedmast ,1,,,,,,
Surf Curse,surf cur,1,,,,,,
Surfaces LLC ,surfac    tenthousand project  ,2, TenThousand Projects LLC,,,,,
Sushi Way,sushi way,1,,,,,,
Eardruma Records,eardruma recordsinterscop record,2,Interscope Records,,,,,
THEBLACKLABEL,theblacklabelinterscop record,2,Interscope Records,,,,,
Range Music,rang musiccapitol record,2,Capitol Records,,,,,
Farmhaus,farmhau,1,,,,,,
Bathathe Wena,bathath wena,1,,,,,,
Sony Music Entertainment,soni music entertain,1,,,,,,
4348954 Records DK,4348954 record dk,1,,,,,,
Arista,aristalafac record,2,LaFace Records,,,,,
Blac Noize! Recordings,blac noiz  record,1,,,,,,
Toss Indabakabani,toss indabakabani,1,,,,,,
Elektra Records,elektra record,1,,,,,,
Taylor Swift,taylor swift,1,,,,,,
Big Machine Records LLC,big machin record  ,1,,,,,,
Music Band Production ,music band product  empir,2, EMPIRE,,,,,
Tebza De DJ Music,tebza de dj music,1,,,,,,
Tebza De DJ ,tebza de dj  empir,2, EMPIRE,,,,,
4374710 Records DK,4374710 record dk,1,,,,,,
Since 93,sinc 93rca record,2,RCA Records,,,,,
RCA Records,rca recordssinc 93 ,2,Since 93',,,,,
Leading Vibe Ltd,lead vibe ,1,,,,,,
Warner Records,warner recordsqwest,2,Qwest,,,,,
Thak'so Ujey Choir,thakso ujey choir,1,,,,,,
Lugaju Entertainment(PTY)LTD,lugaju entertain  pti  ,1,,,,,,
Parkwood Entertainment,parkwood entertainmentroc nation,2,Roc Nation,,,,,
100 Entertainment Inc,100 entertain  ,1,,,,,,
The Lowkeys 012 Records,the lowkey 012 record,1,,,,,,
XO ,xo  republ record,2, Republic Records,,,,,
Universal Republic Records,univers republ record,1,,,,,,
THEUNS JORDAAN PRODUCTIONS CC,theun jordaan product cc,1,,,,,,
2woBunnies,2wobunni,1,,,,,,
ThxSoMch,thxsomch,1,,,,,,
Tinashe Music Inc. under exclusive license to Nice Life Recording Company,tinash music   under exclus licens to nice life record compani,1,,,,,,
Boundary Entertainment,boundari entertain,1,,,,,,
Boundary Ent ,boundari   spaceship,2, Spaceship,,,,,
TitoM,titom,1,,,,,,
TAYO Projects ,tayo project  modar music,2, MODAR Music,,,,,
ITNO,itnocolumbia,2,Columbia,,,,,
PULSE Records,pul record,1,,,,,,
ISO Supremacy. Under exclusive license to PULSE Records.,iso supremaci  under exclus licens to pul record ,1,,,,,,
Big Boy Records Under Exclusive Licence To MODAR,big boy record under exclus licenc to modar,1,,,,,,
83 Management Group,83 manag group,1,,,,,,
South Coast Music Group,south coast music groupcapitol record,2,Capitol Records,,,,,
Sony Soho Square,soni soho squar,1,,,,,,
Mad Love,mad loveinterscop record,2,Interscope Records,,,,,
One Umbrella Records,one umbrella record,1,,,,,,
Cactus Jack ,cactu jack  epic  grand hustl,3, Epic , Grand Hustle,,,,
Epic,epicgrand hustlecactu jack,3,Grand Hustle,Cactus Jack,,,,
Cactus Jack,cactu jackep,2,Epic,,,,,
Warner Bros. Entertainment Inc.,warner bros entertain   ,1,,,,,,
Epic,epicgrand hustl,2,Grand Hustle,,,,,
TRRR 015 Entertainment,trrr 015 entertain,1,,,,,,
Run It Up Records,run it up recordsisland,2,Island,,,,,
TenThousand Projects LLC,tenthousand project  ,1,,,,,,
1400 Entertainment Inc. ,1400 entertain    tenthousand project  ,2, TenThousand Projects LLC,,,,,
1400 Entertainment Inc. ,1400 entertain    10k project,2, 10K Projects,,,,,
1400 Entertainment ,1400 entertain  10k project,2, 10K Projects,,,,,
EMI Recorded Music Australia Pty Ltd,emi record music australia pti ,1,,,,,,
Fueled By Ramen,fuel by ramen,1,,,,,,
TXC Enterprises (PTY) LTD. under exclusive license to LVRN Records (Love Renaissance),txc enterpris  pti    under exclus licens to lvrn record  love renaiss ,1,,,,,,
2024 TXC Enterprises ,2024 txc enterpris lvrn record,2,LVRN Records,,,,,
Tyza Wav.,tyza wav ,1,,,,,,
Columbia,columbialast king record,2,Last Kings Records,,,,,
Last Kings Music ,last king music  empir,2, EMPIRE,,,,,
Kemosabe ,kemosab  rca record  last king music  empir,4, RCA Records , Last Kings Music , EMPIRE,,,
FAX Records,fax recordsep,2,Epic,,,,,
Epic,epiclondon  ,2,London Ent.,,,,,
2023 Focus Clap Music Group,2023 focu clap music group,1,,,,,,
3490297 Records DK,3490297 record dk,1,,,,,,
LaFace Records,lafac record,1,,,,,,
mega,megagamma ,2,gamma.,,,,,
Kuhleliwe Mmema Holdings,kuhleliw mmema hold,1,,,,,,
1962225 Records DK,1962225 record dk,1,,,,,,
THE GOVERNMENT,the govern,1,,,,,,
KO-SIGN PTY LTD. Encore Recordings,kosign pti   encor record,1,,,,,,
Encore Recordings,encor record,1,,,,,,
KO-SIGN PTY LTD.,kosign pti  ,1,,,,,,
gamma. Africa,gamma  africa,1,,,,,,
5612124 Records DK,5612124 record dk,1,,,,,,
© 2024 All Star Entity under exclusive license to Saak Industry.,2024 all star entiti  under exclus licens to saak industri ,1,,,,,,
Quxtarus,quxtaru,1,,,,,,
F-Stop Records,fstop recordsatlant,2,Atlantic,,,,,
New Wav Music Group ,new wav music group  island prolif  empir,3, Island Prolific , EMPIRE,,,,
Vhudie Music,vhudi music,1,,,,,,
The Plug Entertainment,the plug entertain,1,,,,,,
Encore Recordings LLC,encor record  ,1,,,,,,
Lovett Music,lovett musicrca record,2,RCA Records,,,,,
Rinse,rins,1,,,,,,
Muthaland Entertainment,muthaland entertain,1,,,,,,
CYPHA ,cypha  muthaland,2, MUTHALAND,,,,,
Roc Nation W Smith P&D,roc nation w smith p  d,1,,,,,,
SoldOut Media,soldout medium,1,,,,,,
MMG,mmgwarner record,2,Warner Records,,,,,
Rufftown records,rufftown record,1,,,,,,
Arista,aristalegaci,2,Legacy,,,,,
Arista Records,arista recordscolumbia record,2,Columbia Records,,,,,
Kaofela Re Mapantsula,kaofela re mapantsula,1,,,,,,
Taylor Gang,taylor gangatlant,2,Atlantic,,,,,
Starboy,starboyrca record,2,RCA Records,,,,,
Bamboo Artists,bamboo artist,1,,,,,,
Bad Vibes Forever LLC,bad vibe forev  ,1,,,,,,
Bad Vibes Forever ,bad vibe forev  empir,2, EMPIRE,,,,,
Members Only ,member onli  empir,2, EMPIRE,,,,,
4604783 Records DK,4604783 record dk,1,,,,,,
Yanii Entertainment,yanii entertain,1,,,,,,
YG Marley Music,yg marley music,1,,,,,,
YG Marley Music,yg marley musichitmak distro,2,Hitmaker Distro,,,,,
P2019,p2019,1,,,,,,
P2018,p2018,1,,,,,,
Locomotion Recordings,locomot recordingsgeffen record,2,Geffen Records,,,,,
YOUNG LEGEND MUSIC,young legend music,1,,,,,,
Field Trip Recordings,field trip recordingscapitol record,2,Capitol Records,,,,,
TwizzyRich,twizzyrich,1,,,,,,
Field Trip Recordings,field trip recordingsgeffen record,2,Geffen Records,,,,,
PDE Records,pde recordssam platerca record,3,Same Plate,RCA Records,,,,
300 Entertainment,300 entertainmentatl,2,Atl,,,,,
Epic,epic300 entertainmentatlant record corpor,3,300 Entertainment,Atlantic Recordings Corporation,,,,
YUMMY ENTERTAINMENT,yummi entertain,1,,,,,,
YEAR0001,year0001,1,,,,,,
Zain's World,zain s world,1,,,,,,
iTsotsi By Nature,itsotsi by natur,1,,,,,,
Live Rich Entertainment,live rich entertain,1,,,,,,
Epic,epicrecord compani ten,2,Record Company TEN,,,,,
KwaNxumalo,kwanxumalo,1,,,,,,
5542405 Records DK,5542405 record dk,1,,,,,,
Earthquake records,earthquak record,1,,,,,,
6551244 Records DK,6551244 record dk,1,,,,,,
Octoba 7ven.,octoba 7ven ,1,,,,,,
Friends Keep Secrets,friend keep secretsinterscop record,2,Interscope Records,,,,,
Benny Blanco Solo Album PS,benni blanco solo album p,1,,,,,,
Friends Keep Secrets under exclusive license to Interscope Records,friend keep secret  under exclus licens to interscop record,1,,,,,,
NEON16,neon16friend keep secretsinterscop record,3,Friends Keep Secrets,Interscope Records,,,,
Interscope ,interscop  friend keep secret  joytim collect,3, Friends Keep Secrets , Joytime Collective,,,,
Onnafriday Records ,onnafriday record  island record,2, Island Records,,,,,
TGR Music Group,tgr music group,1,,,,,,
SCMG ,scmg  sce  empir,3, SCE , EMPIRE,,,,
Party In Backyard,parti in backyard,1,,,,,,
Leola LLC,leola ,1,,,,,,
Homemade Projects LLC ,homemad project    tenthousand project,2, TenThousand Projects,,,,,
the King will come,the king will come,1,,,,,,
Mguzuguzu Records,mguzuguzu record,1,,,,,,
